date,ticker,close,buy_signal,pred_rf
2001-12-31,6501.T,666.64990234375,False,False
2001-12-31,6758.T,1004.86181640625,False,False
2001-12-31,7203.T,383.6852416992188,False,False
2001-12-31,7267.T,485.9789733886719,False,False
2001-12-31,9432.T,22.95323181152344,False,False
2001-12-31,9984.T,311.9313659667969,False,False
2001-12-31,AAPL,0.3287198543548584,False,False
2001-12-31,ALV.DE,101.75003814697266,False,False
2001-12-31,AMGN,39.02812576293945,False,False
2001-12-31,AMZN,0.5410000085830688,False,False
2001-12-31,ASML.AS,21.86656379699707,False,False
2001-12-31,BAC,17.736494064331055,True,True
2001-12-31,BAS.DE,7.317822456359863,False,False
2001-12-31,BAYN.DE,18.082908630371094,False,False
2001-12-31,BMY,20.466665267944336,False,False
2001-12-31,BP.L,526.8598022460938,False,False
2001-12-31,CAT,14.44338035583496,True,True
2001-12-31,CSCO,11.851941108703612,False,False
2001-12-31,CVX,18.473817825317383,False,False
2001-12-31,DBK.DE,34.1998291015625,False,False
2001-12-31,FME.DE,15.38896369934082,False,False
2001-12-31,GE,107.00049591064452,False,False
2001-12-31,GS,65.78292846679688,False,False
2001-12-31,HSBA.L,694.3164672851562,False,False
2001-12-31,IBM,60.77605056762695,False,False
2001-12-31,IFX.DE,16.893522262573242,False,False
2001-12-31,INTU,18.91387367248535,False,False
2001-12-31,JNJ,31.25990867614746,True,True
2001-12-31,JPM,18.324989318847656,False,False
2001-12-31,KO,11.967840194702148,True,True
2001-12-31,LLY,40.31219482421875,False,False
2001-12-31,MMM,25.60213661193848,True,True
2001-12-31,MRK,23.160783767700195,False,False
2001-12-31,MS,28.123165130615234,False,False
2001-12-31,MSFT,20.30580139160156,False,False
2001-12-31,NOVN.SW,20.79330444335937,False,False
2001-12-31,NVDA,0.5111925601959229,True,True
2001-12-31,OR.PA,54.78049850463867,False,False
2001-12-31,ORCL,11.09004020690918,False,False
2001-12-31,PEP,26.246387481689453,True,True
2001-12-31,PFE,15.106919288635254,False,False
2001-12-31,PG,20.910032272338867,True,True
2001-12-31,ROG.SW,59.35495376586914,False,False
2001-12-31,SAP.DE,23.94213485717773,False,False
2001-12-31,SIE.DE,29.854347229003903,False,False
2001-12-31,UBSG.SW,26.33140182495117,False,False
2001-12-31,ULVR.L,1243.2935791015625,False,False
2001-12-31,UNH,13.913805961608888,True,True
2001-12-31,XOM,18.40982437133789,False,False
2002-03-31,6501.T,644.4281616210938,False,False
2002-03-31,6758.T,1126.047607421875,True,True
2002-03-31,7203.T,423.50775146484375,False,False
2002-03-31,7267.T,501.296875,True,True
2002-03-31,9432.T,27.232139587402344,False,False
2002-03-31,9984.T,350.5468444824219,False,False
2002-03-31,AAPL,0.3552885055541992,True,True
2002-03-31,ALV.DE,104.42767333984376,False,False
2002-03-31,AMGN,41.2685775756836,False,False
2002-03-31,AMZN,0.7149999737739563,True,True
2002-03-31,ASML.AS,30.31296730041504,True,True
2002-03-31,BAC,19.34740829467773,True,True
2002-03-31,BAS.DE,8.166166305541992,True,True
2002-03-31,BAYN.DE,19.62348937988281,False,False
2002-03-31,BMY,16.338624954223633,False,False
2002-03-31,BP.L,617.8439331054688,True,True
2002-03-31,CAT,15.830328941345217,True,True
2002-03-31,CSCO,11.07970142364502,True,True
2002-03-31,CVX,18.769350051879883,True,True
2002-03-31,DBK.DE,31.92738151550293,True,True
2002-03-31,FME.DE,15.477530479431152,False,False
2002-03-31,GE,100.31178283691406,False,False
2002-03-31,GS,64.0965805053711,True,True
2002-03-31,HSBA.L,699.6512451171875,True,True
2002-03-31,IBM,52.323486328125,True,True
2002-03-31,IFX.DE,19.123910903930664,True,True
2002-03-31,INTU,16.959705352783203,True,True
2002-03-31,JNJ,34.46094512939453,True,True
2002-03-31,JPM,18.14179039001465,False,False
2002-03-31,KO,13.320282936096191,True,True
2002-03-31,LLY,39.27186965942383,False,False
2002-03-31,MMM,25.045289993286133,True,True
2002-03-31,MRK,22.80937767028809,False,False
2002-03-31,MS,28.9267520904541,True,True
2002-03-31,MSFT,18.48517799377441,True,True
2002-03-31,NOVN.SW,23.301586151123047,False,False
2002-03-31,NVDA,0.3389614224433899,True,True
2002-03-31,OR.PA,55.59305191040039,True,True
2002-03-31,ORCL,10.278964042663574,False,False
2002-03-31,PEP,27.841232299804688,True,True
2002-03-31,PFE,15.112924575805664,False,False
2002-03-31,PG,23.92032814025879,True,True
2002-03-31,ROG.SW,65.49076843261719,True,True
2002-03-31,SAP.DE,28.393428802490234,True,True
2002-03-31,SIE.DE,31.433950424194336,True,True
2002-03-31,UBSG.SW,26.017183303833008,True,True
2002-03-31,ULVR.L,1238.8853759765625,True,True
2002-03-31,UNH,15.030694007873535,True,True
2002-03-31,XOM,20.653932571411133,True,True
2002-06-30,6501.T,538.1810302734375,False,False
2002-06-30,6758.T,1063.8629150390625,True,True
2002-06-30,7203.T,368.973876953125,True,True
2002-06-30,7267.T,452.8440856933594,True,True
2002-06-30,9432.T,26.63778686523437,True,True
2002-06-30,9984.T,245.6041259765625,False,False
2002-06-30,AAPL,0.2659785449504852,False,False
2002-06-30,ALV.DE,78.7453384399414,False,False
2002-06-30,AMGN,28.959924697875977,False,False
2002-06-30,AMZN,0.8125,True,True
2002-06-30,ASML.AS,17.95702362060547,True,True
2002-06-30,BAC,20.175691604614254,True,True
2002-06-30,BAS.DE,8.496615409851074,True,True
2002-06-30,BAYN.DE,16.798521041870117,True,True
2002-06-30,BMY,10.447023391723633,False,False
2002-06-30,BP.L,544.2333374023438,True,True
2002-06-30,CAT,13.716545104980469,True,True
2002-06-30,CSCO,9.129462242126465,True,True
2002-06-30,CVX,18.545726776123047,True,True
2002-06-30,DBK.DE,30.92118453979492,True,True
2002-06-30,FME.DE,10.124011993408203,False,False
2002-06-30,GE,78.40428161621094,False,False
2002-06-30,GS,52.175106048583984,False,False
2002-06-30,HSBA.L,649.6760864257812,True,True
2002-06-30,IBM,36.29510498046875,False,False
2002-06-30,IFX.DE,11.762895584106444,False,False
2002-06-30,INTU,21.982187271118164,True,True
2002-06-30,JNJ,27.822118759155277,True,True
2002-06-30,JPM,17.429244995117188,True,True
2002-06-30,KO,14.326617240905762,True,True
2002-06-30,LLY,29.207277297973636,False,False
2002-06-30,MMM,26.916667938232425,True,True
2002-06-30,MRK,20.18951797485352,False,False
2002-06-30,MS,21.83270072937012,False,False
2002-06-30,MSFT,16.765705108642578,False,False
2002-06-30,NOVN.SW,23.05465316772461,True,True
2002-06-30,NVDA,0.1312751621007919,False,False
2002-06-30,OR.PA,53.87272262573242,True,True
2002-06-30,ORCL,7.604825496673584,False,False
2002-06-30,PEP,26.13292694091797,True,True
2002-06-30,PFE,13.356799125671388,False,False
2002-06-30,PG,23.99466133117676,True,True
2002-06-30,ROG.SW,56.93008041381836,True,True
2002-06-30,SAP.DE,16.32306480407715,False,False
2002-06-30,SIE.DE,25.13888359069824,True,True
2002-06-30,UBSG.SW,23.519153594970703,False,False
2002-06-30,ULVR.L,1323.959228515625,True,True
2002-06-30,UNH,18.00654411315918,True,True
2002-06-30,XOM,19.39413833618164,True,True
2002-09-30,6501.T,425.6734008789063,False,False
2002-09-30,6758.T,860.9486083984375,False,False
2002-09-30,7203.T,365.0088806152344,False,False
2002-09-30,7267.T,460.81243896484375,False,False
2002-09-30,9432.T,22.01623916625977,False,False
2002-09-30,9984.T,173.8711700439453,False,False
2002-09-30,AAPL,0.2176462411880493,False,False
2002-09-30,ALV.DE,33.37385177612305,False,False
2002-09-30,AMGN,28.835468292236328,False,False
2002-09-30,AMZN,0.796500027179718,True,True
2002-09-30,ASML.AS,6.967727184295654,False,False
2002-09-30,BAC,18.459613800048828,True,True
2002-09-30,BAS.DE,6.469318389892578,False,False
2002-09-30,BAYN.DE,9.033411979675291,False,False
2002-09-30,BMY,9.780866622924805,False,False
2002-09-30,BP.L,420.193603515625,False,False
2002-09-30,CAT,10.514715194702148,False,False
2002-09-30,CSCO,6.858551025390625,False,False
2002-09-30,CVX,14.644205093383787,False,False
2002-09-30,DBK.DE,20.22614860534668,False,False
2002-09-30,FME.DE,4.859975337982178,False,False
2002-09-30,GE,66.99453735351562,False,False
2002-09-30,GS,47.04969787597656,False,False
2002-09-30,HSBA.L,554.9893798828125,False,False
2002-09-30,IBM,29.45909118652344,False,False
2002-09-30,IFX.DE,4.129527568817139,False,False
2002-09-30,INTU,20.129701614379883,True,True
2002-09-30,JNJ,28.89689064025879,False,False
2002-09-30,JPM,9.864653587341309,False,False
2002-09-30,KO,12.318056106567385,True,True
2002-09-30,LLY,28.81235122680664,False,False
2002-09-30,MMM,24.18156623840332,True,True
2002-09-30,MRK,18.362083435058597,False,False
2002-09-30,MS,17.26601791381836,False,False
2002-09-30,MSFT,13.406428337097168,False,False
2002-09-30,NOVN.SW,20.518781661987305,False,False
2002-09-30,NVDA,0.0654078423976898,False,False
2002-09-30,OR.PA,49.7811164855957,False,False
2002-09-30,ORCL,6.311925411224365,False,False
2002-09-30,PEP,20.11196517944336,False,False
2002-09-30,PFE,11.120179176330566,False,False
2002-09-30,PG,24.137962341308597,True,True
2002-09-30,ROG.SW,50.42740631103516,False,False
2002-09-30,SAP.DE,7.645188331604004,False,False
2002-09-30,SIE.DE,14.062552452087402,False,False
2002-09-30,UBSG.SW,19.261512756347656,False,False
2002-09-30,ULVR.L,1269.9432373046875,True,True
2002-09-30,UNH,17.15489959716797,True,True
2002-09-30,XOM,15.21630859375,False,False
2002-12-31,6501.T,317.510498046875,False,False
2002-12-31,6758.T,835.6760864257812,False,False
2002-12-31,6861.T,3001.8525390625,False,False
2002-12-31,7203.T,372.0060424804688,False,False
2002-12-31,7267.T,410.33795166015625,False,False
2002-12-31,9432.T,23.429628372192383,False,False
2002-12-31,9984.T,199.9961853027344,False,False
2002-12-31,AAPL,0.2150942087173462,False,False
2002-12-31,ALV.DE,34.91447448730469,False,False
2002-12-31,AMGN,33.426998138427734,False,False
2002-12-31,AMZN,0.9445000290870668,True,True
2002-12-31,ASML.AS,8.916899681091309,False,False
2002-12-31,BAC,20.316696166992188,False,False
2002-12-31,BAS.DE,6.501756191253662,False,False
2002-12-31,BAYN.DE,10.586434364318848,False,False
2002-12-31,BMY,9.741267204284668,False,False
2002-12-31,BP.L,422.2112731933594,False,False
2002-12-31,CAT,13.033669471740724,False,False
2002-12-31,CSCO,8.573187828063965,False,False
2002-12-31,CVX,14.207996368408203,False,False
2002-12-31,DBK.DE,19.28182601928711,False,False
2002-12-31,FME.DE,8.857951164245605,False,False
2002-12-31,GE,66.67994689941406,False,False
2002-12-31,GS,48.687442779541016,False,False
2002-12-31,HSBA.L,591.6153564453125,False,False
2002-12-31,IBM,39.22618865966797,False,False
2002-12-31,IFX.DE,5.1453471183776855,False,False
2002-12-31,INTU,20.74424934387207,False,False
2002-12-31,JNJ,28.796844482421875,False,False
2002-12-31,JPM,12.685673713684082,False,False
2002-12-31,KO,11.310018539428713,False,False
2002-12-31,LLY,33.22858810424805,False,False
2002-12-31,MMM,27.244667053222656,False,False
2002-12-31,MRK,22.880735397338867,False,False
2002-12-31,MS,20.47568130493164,False,False
2002-12-31,MSFT,15.846187591552734,False,False
2002-12-31,NOVN.SW,17.77120018005371,False,False
2002-12-31,NVDA,0.0879498794674873,False,False
2002-12-31,OR.PA,49.47426223754883,False,False
2002-12-31,ORCL,8.67287540435791,False,False
2002-12-31,PEP,23.06106948852539,False,False
2002-12-31,PFE,11.759658813476562,False,False
2002-12-31,PG,23.314666748046875,False,False
2002-12-31,ROG.SW,48.75745391845703,False,False
2002-12-31,SAP.DE,12.578749656677246,False,False
2002-12-31,SIE.DE,16.750988006591797,False,False
2002-12-31,UBSG.SW,21.115392684936523,False,False
2002-12-31,ULVR.L,1303.1214599609375,True,True
2002-12-31,UNH,16.423229217529297,True,True
2002-12-31,XOM,16.776290893554688,False,False
2003-03-31,6501.T,290.1104431152344,False,False
2003-03-31,6758.T,709.6220092773438,False,False
2003-03-31,6861.T,2667.68017578125,False,False
2003-03-31,7203.T,309.4748229980469,False,False
2003-03-31,7267.T,370.6397399902344,False,False
2003-03-31,9432.T,22.03622817993164,False,False
2003-03-31,9984.T,204.6915740966797,False,False
2003-03-31,AAPL,0.2122422605752945,False,False
2003-03-31,ALV.DE,17.486127853393555,False,False
2003-03-31,AMGN,39.795692443847656,True,True
2003-03-31,AMZN,1.3014999628067017,True,True
2003-03-31,ASML.AS,6.665270805358887,False,False
2003-03-31,BAC,19.704769134521484,True,True
2003-03-31,BAS.DE,6.146756649017334,False,False
2003-03-31,BAYN.DE,6.465747833251953,False,False
2003-03-31,BMY,8.891275405883789,False,False
2003-03-31,BP.L,396.7867736816406,False,False
2003-03-31,CAT,14.130563735961914,True,True
2003-03-31,CSCO,8.49465274810791,True,True
2003-03-31,CVX,13.968422889709473,False,False
2003-03-31,DBK.DE,16.98994255065918,False,False
2003-03-31,FME.DE,10.409106254577637,True,True
2003-03-31,GE,70.3868179321289,False,False
2003-03-31,GS,48.75448989868164,False,False
2003-03-31,HSBA.L,559.4590454101562,False,False
2003-03-31,IBM,39.77413177490234,True,True
2003-03-31,IFX.DE,4.571187973022461,False,False
2003-03-31,INTU,16.44684600830078,False,False
2003-03-31,JNJ,31.154985427856445,True,True
2003-03-31,JPM,12.712479591369627,False,False
2003-03-31,KO,10.504556655883787,False,False
2003-03-31,LLY,30.073532104492188,True,True
2003-03-31,MMM,28.88232421875,True,True
2003-03-31,MRK,22.296615600585938,True,True
2003-03-31,MS,19.775632858276367,True,True
2003-03-31,MSFT,14.888582229614258,True,True
2003-03-31,NOVN.SW,18.05286979675293,False,False
2003-03-31,NVDA,0.098417617380619,False,False
2003-03-31,OR.PA,37.8472900390625,False,False
2003-03-31,ORCL,8.713027954101562,True,True
2003-03-31,PEP,21.935752868652344,False,False
2003-03-31,PFE,12.044861793518066,False,False
2003-03-31,PG,24.274093627929688,False,False
2003-03-31,ROG.SW,40.93906021118164,False,False
2003-03-31,SAP.DE,11.567720413208008,True,True
2003-03-31,SIE.DE,16.33743667602539,False,False
2003-03-31,UBSG.SW,18.067487716674805,False,False
2003-03-31,ULVR.L,1292.096435546875,True,True
2003-03-31,UNH,18.03617477416992,False,False
2003-03-31,XOM,16.89494514465332,False,False
2003-06-30,6501.T,357.5454406738281,False,False
2003-06-30,6758.T,571.0768432617188,False,False
2003-06-30,6861.T,3200.052734375,False,False
2003-06-30,7203.T,365.2625427246094,False,False
2003-06-30,7267.T,426.93951416015625,False,False
2003-06-30,9432.T,25.75450134277344,True,True
2003-06-30,9984.T,337.4446105957031,True,True
2003-06-30,AAPL,0.286091685295105,True,True
2003-06-30,AIR.PA,7.936312198638916,False,False
2003-06-30,ALV.DE,28.568727493286133,False,False
2003-06-30,AMGN,45.59737014770508,True,True
2003-06-30,AMZN,1.815999984741211,True,True
2003-06-30,ASML.AS,9.264163970947266,True,True
2003-06-30,BAC,23.49708366394043,True,True
2003-06-30,BAS.DE,6.944907188415527,False,False
2003-06-30,BAYN.DE,11.039846420288086,False,False
2003-06-30,BMY,11.57272720336914,True,True
2003-06-30,BP.L,415.6148376464844,False,False
2003-06-30,CAT,16.092792510986328,True,True
2003-06-30,CSCO,10.988077163696287,True,True
2003-06-30,CVX,15.762373924255373,True,True
2003-06-30,DBK.DE,25.531694412231445,True,True
2003-06-30,FME.DE,9.903862953186035,True,True
2003-06-30,GE,79.68184661865234,True,True
2003-06-30,GS,60.06949615478516,True,True
2003-06-30,HSBA.L,617.2156372070312,True,True
2003-06-30,IBM,41.91477966308594,False,False
2003-06-30,IFX.DE,6.197972774505615,True,True
2003-06-30,INTU,19.718528747558597,False,False
2003-06-30,JNJ,27.95429229736328,False,False
2003-06-30,JPM,18.58695411682129,True,True
2003-06-30,KO,12.100525856018066,False,False
2003-06-30,LLY,36.48332595825195,False,False
2003-06-30,MMM,28.80145263671875,True,True
2003-06-30,MRK,24.803735733032227,True,True
2003-06-30,MS,22.164735794067383,True,True
2003-06-30,MSFT,15.767996788024902,False,False
2003-06-30,NOVN.SW,19.333370208740234,False,False
2003-06-30,NVDA,0.175058901309967,True,True
2003-06-30,OR.PA,42.313926696777344,False,False
2003-06-30,ORCL,9.644556999206545,False,False
2003-06-30,PEP,24.491819381713867,True,True
2003-06-30,PFE,13.260397911071776,True,True
2003-06-30,PG,24.42085075378418,True,True
2003-06-30,ROG.SW,54.68235397338867,False,False
2003-06-30,SAP.DE,17.540796279907227,True,True
2003-06-30,SIE.DE,18.46388816833496,True,True
2003-06-30,UBSG.SW,23.676258087158203,True,True
2003-06-30,ULVR.L,1064.082275390625,False,False
2003-06-30,UNH,19.77349281311035,True,True
2003-06-30,XOM,17.482677459716797,True,True
2003-09-30,6501.T,437.56158447265625,True,True
2003-09-30,6758.T,660.9256591796875,False,False
2003-09-30,6861.T,3451.875732421875,True,True
2003-09-30,7203.T,387.4489135742188,True,True
2003-09-30,7267.T,421.1207275390625,True,True
2003-09-30,9432.T,27.80120849609375,True,True
2003-09-30,9984.T,700.1048583984375,True,True
2003-09-30,AAPL,0.3110083937644958,True,True
2003-09-30,AIR.PA,9.83864688873291,True,True
2003-09-30,ALV.DE,29.918621063232425,True,True
2003-09-30,AMGN,44.61542510986328,True,True
2003-09-30,AMZN,2.421499967575073,True,True
2003-09-30,ASML.AS,12.602402687072754,True,True
2003-09-30,BAC,23.438804626464844,True,True
2003-09-30,BAS.DE,7.038253307342529,True,True
2003-09-30,BAYN.DE,10.148125648498535,True,True
2003-09-30,BMY,11.051584243774414,True,True
2003-09-30,BP.L,408.4825439453125,True,True
2003-09-30,CAT,20.022994995117188,True,True
2003-09-30,CSCO,12.820514678955078,True,True
2003-09-30,CVX,15.75355052947998,True,True
2003-09-30,DBK.DE,23.61953353881836,True,True
2003-09-30,FME.DE,11.36166286468506,True,True
2003-09-30,GE,83.33531188964844,True,True
2003-09-30,GS,60.35383987426758,True,True
2003-09-30,HSBA.L,684.1446533203125,True,True
2003-09-30,IBM,44.96686553955078,True,True
2003-09-30,IFX.DE,8.259055137634277,True,True
2003-09-30,INTU,21.327852249145508,True,True
2003-09-30,JNJ,26.90216636657715,False,False
2003-09-30,JPM,18.85608673095703,True,True
2003-09-30,KO,11.256089210510254,True,True
2003-09-30,LLY,31.58934211730957,True,True
2003-09-30,MMM,30.988475799560547,True,True
2003-09-30,MRK,22.068819046020508,False,False
2003-09-30,MS,26.28978729248047,True,True
2003-09-30,MSFT,17.096342086791992,True,True
2003-09-30,NOVN.SW,18.431610107421875,True,True
2003-09-30,NVDA,0.1220287457108497,True,True
2003-09-30,OR.PA,40.418758392333984,False,False
2003-09-30,ORCL,9.034245491027832,True,True
2003-09-30,PEP,25.31473922729492,True,True
2003-09-30,PFE,11.850593566894531,True,True
2003-09-30,PG,25.548608779907227,True,True
2003-09-30,ROG.SW,56.35499954223633,True,True
2003-09-30,SAP.DE,17.930591583251953,True,True
2003-09-30,SIE.DE,22.10308074951172,True,True
2003-09-30,UBSG.SW,23.28349494934082,True,True
2003-09-30,ULVR.L,1133.5513916015625,False,False
2003-09-30,UNH,19.801034927368164,True,True
2003-09-30,XOM,17.941415786743164,True,True
2003-12-31,6501.T,455.9109802246094,True,True
2003-12-31,6758.T,628.7266845703125,False,False
2003-12-31,6861.T,3287.432373046875,False,False
2003-12-31,7203.T,427.611328125,True,True
2003-12-31,7267.T,448.4419250488281,True,True
2003-12-31,9432.T,28.40557861328125,True,True
2003-12-31,9984.T,486.5134582519531,True,True
2003-12-31,AAPL,0.3207648694515228,True,True
2003-12-31,AIR.PA,14.007441520690918,True,True
2003-12-31,ALV.DE,39.502052307128906,True,True
2003-12-31,AMGN,42.7276496887207,True,True
2003-12-31,AMZN,2.63100004196167,True,True
2003-12-31,ASML.AS,17.609760284423828,True,True
2003-12-31,BAC,24.41154289245605,True,True
2003-12-31,BAS.DE,8.322688102722168,True,True
2003-12-31,BAYN.DE,12.702936172485352,True,True
2003-12-31,BMY,12.579561233520508,True,True
2003-12-31,BP.L,448.0861511230469,False,False
2003-12-31,CAT,24.261457443237305,True,True
2003-12-31,CSCO,15.857121467590332,True,True
2003-12-31,CVX,19.232919692993164,True,True
2003-12-31,DBK.DE,29.6995792388916,True,True
2003-12-31,FME.DE,12.948025703430176,True,True
2003-12-31,GE,87.17359161376953,False,False
2003-12-31,GS,71.22774505615234,True,True
2003-12-31,HSBA.L,757.0565795898438,True,True
2003-12-31,IBM,47.26680755615234,True,True
2003-12-31,IFX.DE,8.111834526062012,True,True
2003-12-31,INTU,23.37044334411621,True,True
2003-12-31,JNJ,28.199188232421875,False,False
2003-12-31,JPM,20.37007141113281,True,True
2003-12-31,KO,13.3602876663208,True,True
2003-12-31,LLY,37.59568786621094,False,False
2003-12-31,MMM,38.31272506713867,True,True
2003-12-31,MRK,20.318727493286133,False,False
2003-12-31,MS,30.279386520385746,True,True
2003-12-31,MSFT,16.92633628845215,False,False
2003-12-31,NOVN.SW,20.253522872924805,True,True
2003-12-31,NVDA,0.1772742122411728,False,False
2003-12-31,OR.PA,44.794864654541016,False,False
2003-12-31,ORCL,10.624274253845217,False,True
2003-12-31,PEP,25.838329315185547,True,True
2003-12-31,PFE,13.846794128417969,True,True
2003-12-31,PG,27.623167037963867,True,True
2003-12-31,ROG.SW,64.20352172851562,True,True
2003-12-31,SAP.DE,22.763710021972656,True,True
2003-12-31,SIE.DE,27.445158004760746,True,True
2003-12-31,UBSG.SW,26.61419105529785,True,True
2003-12-31,ULVR.L,1148.5762939453125,False,False
2003-12-31,UNH,22.89395904541016,True,True
2003-12-31,XOM,20.23918342590332,True,True
2004-03-31,6501.T,573.1404418945312,True,True
2004-03-31,6758.T,741.0866088867188,True,True
2004-03-31,6861.T,3692.440185546875,True,True
2004-03-31,7203.T,461.3751525878906,True,True
2004-03-31,7267.T,454.42474365234375,True,True
2004-03-31,9432.T,32.55390167236328,True,True
2004-03-31,9984.T,723.4995727539062,True,True
2004-03-31,AAPL,0.4058718979358673,True,True
2004-03-31,AIR.PA,13.04140853881836,True,True
2004-03-31,ALV.DE,34.97478103637695,True,True
2004-03-31,AMGN,40.21058654785156,False,False
2004-03-31,AMZN,2.1640000343322754,False,False
2004-03-31,ASML.AS,16.70237922668457,True,True
2004-03-31,BAC,24.81914710998535,True,True
2004-03-31,BAS.DE,7.715941905975342,True,True
2004-03-31,BAYN.DE,10.837434768676758,True,True
2004-03-31,BMY,10.782139778137209,False,False
2004-03-31,BP.L,451.0926818847656,True,True
2004-03-31,CAT,23.209735870361328,True,True
2004-03-31,CSCO,15.425190925598145,True,True
2004-03-31,CVX,19.70693016052246,True,True
2004-03-31,DBK.DE,30.777732849121094,True,True
2004-03-31,FME.DE,12.31899070739746,True,True
2004-03-31,GE,86.4033203125,True,True
2004-03-31,GS,75.46961975097656,True,True
2004-03-31,HSBA.L,697.6722412109375,True,True
2004-03-31,IBM,46.91434097290039,True,True
2004-03-31,IFX.DE,8.759604454040527,True,True
2004-03-31,INTU,19.73180389404297,False,False
2004-03-31,JNJ,27.808189392089844,True,True
2004-03-31,JPM,23.482391357421875,True,True
2004-03-31,KO,13.30849552154541,True,True
2004-03-31,LLY,35.93326568603516,True,True
2004-03-31,MMM,37.054988861083984,True,True
2004-03-31,MRK,19.58649444580078,False,False
2004-03-31,MS,30.1114444732666,True,True
2004-03-31,MSFT,15.417372703552246,False,False
2004-03-31,NOVN.SW,19.823165893554688,True,True
2004-03-31,NVDA,0.2017261683940887,True,True
2004-03-31,OR.PA,42.93415832519531,True,True
2004-03-31,ORCL,9.636530876159668,True,True
2004-03-31,PEP,29.93622589111328,True,True
2004-03-31,PFE,13.798726081848145,True,True
2004-03-31,PG,29.140352249145508,True,True
2004-03-31,ROG.SW,63.68885803222656,True,True
2004-03-31,SAP.DE,21.99438095092773,True,True
2004-03-31,SIE.DE,26.453426361083984,True,True
2004-03-31,UBSG.SW,29.567834854125977,True,True
2004-03-31,ULVR.L,1187.7264404296875,True,True
2004-03-31,UNH,25.369319915771484,True,True
2004-03-31,XOM,20.65790367126465,True,True
2004-06-30,6501.T,533.3687133789062,True,True
2004-06-30,6758.T,698.5928344726562,True,True
2004-06-30,6861.T,3624.848876953125,True,True
2004-06-30,7203.T,525.587158203125,True,True
2004-06-30,7267.T,497.9737854003906,True,True
2004-06-30,9432.T,32.16768264770508,True,True
2004-06-30,9984.T,713.1002197265625,True,True
2004-06-30,AAPL,0.488426923751831,True,True
2004-06-30,AIR.PA,17.351436614990234,True,True
2004-06-30,ALV.DE,35.730224609375,True,True
2004-06-30,AMGN,37.73503494262695,False,False
2004-06-30,AMZN,2.720000028610229,False,True
2004-06-30,ASML.AS,15.582171440124512,True,True
2004-06-30,BAC,26.187036514282227,True,True
2004-06-30,BAS.DE,8.48338794708252,True,True
2004-06-30,BAYN.DE,13.25715160369873,True,True
2004-06-30,BMY,11.02755069732666,False,False
2004-06-30,BP.L,481.7967529296875,True,True
2004-06-30,CAT,23.42523193359375,True,True
2004-06-30,CSCO,15.510269165039062,True,True
2004-06-30,CVX,21.29576301574707,True,True
2004-06-30,DBK.DE,30.08270072937012,True,True
2004-06-30,FME.DE,14.241122245788574,True,True
2004-06-30,GE,92.27790832519533,True,True
2004-06-30,GS,68.26750183105469,True,True
2004-06-30,HSBA.L,707.2185668945312,False,True
2004-06-30,IBM,45.12067031860352,False,False
2004-06-30,IFX.DE,8.119194984436035,False,False
2004-06-30,INTU,17.056970596313477,False,False
2004-06-30,JNJ,30.69784927368164,True,True
2004-06-30,JPM,21.87835121154785,True,True
2004-06-30,KO,13.42110824584961,True,True
2004-06-30,LLY,37.73137283325195,False,False
2004-06-30,MMM,40.91642761230469,True,True
2004-06-30,MRK,21.215917587280277,False,False
2004-06-30,MS,27.853944778442383,True,True
2004-06-30,MSFT,17.662269592285156,False,False
2004-06-30,NOVN.SW,20.357810974121094,True,True
2004-06-30,NVDA,0.1564139127731323,False,False
2004-06-30,OR.PA,45.75749588012695,True,True
2004-06-30,ORCL,9.580318450927734,False,False
2004-06-30,PEP,30.07880210876465,True,True
2004-06-30,PFE,13.55978012084961,True,True
2004-06-30,PG,30.39700698852539,True,True
2004-06-30,ROG.SW,64.62689208984375,True,True
2004-06-30,SAP.DE,23.902454376220703,True,True
2004-06-30,SIE.DE,26.03066635131836,True,True
2004-06-30,UBSG.SW,27.72965812683105,True,True
2004-06-30,ULVR.L,1193.5118408203125,True,True
2004-06-30,UNH,24.50713348388672,True,True
2004-06-30,XOM,22.201171875,True,True
2004-09-30,6501.T,476.9876708984375,False,False
2004-09-30,6758.T,641.2568359375,False,False
2004-09-30,6861.T,3375.814453125,False,False
2004-09-30,7203.T,504.8462524414063,True,True
2004-09-30,7267.T,508.1343994140625,True,True
2004-09-30,9432.T,24.38898086547852,False,False
2004-09-30,9984.T,759.1549072265625,True,True
2004-09-30,AAPL,0.5816395282745361,True,True
2004-09-30,AIR.PA,16.175966262817383,True,True
2004-09-30,ALV.DE,32.5436897277832,False,False
2004-09-30,AMGN,39.28398895263672,False,False
2004-09-30,AMZN,2.0429999828338623,False,False
2004-09-30,ASML.AS,11.605411529541016,False,False
2004-09-30,BAC,27.089359283447266,True,True
2004-09-30,BAS.DE,9.150642395019531,True,True
2004-09-30,BAYN.DE,12.317404747009276,True,True
2004-09-30,BMY,10.780523300170898,False,False
2004-09-30,BP.L,521.9035034179688,True,True
2004-09-30,CAT,23.846206665039062,False,False
2004-09-30,CSCO,11.845398902893066,False,False
2004-09-30,CVX,24.478540420532227,True,True
2004-09-30,DBK.DE,26.95703125,False,False
2004-09-30,FME.DE,14.397560119628906,True,True
2004-09-30,GE,96.20579528808594,True,True
2004-09-30,GS,67.79362487792969,False,False
2004-09-30,HSBA.L,756.4403076171875,True,True
2004-09-30,IBM,43.98000717163086,False,False
2004-09-30,IFX.DE,6.05075216293335,False,False
2004-09-30,INTU,20.072221755981445,False,False
2004-09-30,JNJ,31.203004837036133,True,True
2004-09-30,JPM,22.61845016479492,True,True
2004-09-30,KO,10.710412979125977,False,False
2004-09-30,LLY,32.59931564331055,False,False
2004-09-30,MMM,36.51958084106445,True,True
2004-09-30,MRK,14.865092277526855,False,False
2004-09-30,MS,26.15059280395508,False,False
2004-09-30,MSFT,17.149934768676758,True,True
2004-09-30,NOVN.SW,21.44478416442871,True,True
2004-09-30,NVDA,0.1109493970870971,False,False
2004-09-30,OR.PA,36.76630783081055,False,False
2004-09-30,ORCL,9.05833911895752,False,False
2004-09-30,PEP,27.28205108642578,True,True
2004-09-30,PFE,12.169836044311523,False,False
2004-09-30,PG,30.357595443725582,True,True
2004-09-30,ROG.SW,67.23283386230469,True,True
2004-09-30,SAP.DE,21.944793701171875,True,True
2004-09-30,SIE.DE,26.07470321655273,False,False
2004-09-30,UBSG.SW,27.61968994140625,False,False
2004-09-30,ULVR.L,992.2033081054688,False,False
2004-09-30,UNH,29.03063201904297,True,True
2004-09-30,XOM,24.30573272705078,True,True
2004-12-31,6501.T,508.5003662109375,False,False
2004-12-31,6758.T,675.3662719726562,False,False
2004-12-31,6861.T,3343.7744140625,False,False
2004-12-31,7203.T,498.8645629882813,True,True
2004-12-31,7267.T,505.2794494628906,True,True
2004-12-31,9432.T,25.55565071105957,False,False
2004-12-31,9984.T,741.3272705078125,True,True
2004-12-31,AAPL,0.966647446155548,True,True
2004-12-31,AIR.PA,16.22146987915039,True,True
2004-12-31,ALV.DE,39.16960525512695,True,True
2004-12-31,AMGN,44.35958099365234,True,True
2004-12-31,AMZN,2.2144999504089355,False,False
2004-12-31,ASML.AS,13.22972011566162,False,False
2004-12-31,BAC,29.66604804992676,True,True
2004-12-31,BAS.DE,10.22095012664795,True,True
2004-12-31,BAYN.DE,13.950775146484377,False,False
2004-12-31,BMY,11.668651580810549,True,True
2004-12-31,BP.L,502.6471252441406,False,False
2004-12-31,CAT,29.050371170043945,True,True
2004-12-31,CSCO,12.643816947937012,False,False
2004-12-31,CVX,24.145191192626957,True,True
2004-12-31,DBK.DE,30.427391052246094,False,False
2004-12-31,FME.DE,13.825491905212402,True,True
2004-12-31,GE,105.194091796875,True,True
2004-12-31,GS,75.85150146484375,False,False
2004-12-31,HSBA.L,758.2230224609375,True,True
2004-12-31,IBM,50.664005279541016,True,True
2004-12-31,IFX.DE,5.874086856842041,False,False
2004-12-31,INTU,19.457677841186523,True,True
2004-12-31,JNJ,35.29638671875,True,True
2004-12-31,JPM,22.39731216430664,False,False
2004-12-31,KO,11.205900192260742,False,False
2004-12-31,LLY,31.00253677368164,False,False
2004-12-31,MMM,37.64430618286133,False,False
2004-12-31,MRK,14.67673683166504,False,False
2004-12-31,MS,29.599334716796875,False,False
2004-12-31,MSFT,18.47140884399414,False,False
2004-12-31,NOVN.SW,21.112796783447266,True,True
2004-12-31,NVDA,0.180024966597557,False,False
2004-12-31,OR.PA,38.92698669433594,False,False
2004-12-31,ORCL,11.017769813537598,True,True
2004-12-31,PEP,29.40677261352539,False,False
2004-12-31,PFE,10.75872039794922,False,False
2004-12-31,PG,31.04252815246582,True,True
2004-12-31,ROG.SW,68.22308349609375,True,True
2004-12-31,SAP.DE,23.0499210357666,False,False
2004-12-31,SIE.DE,27.470691680908203,True,True
2004-12-31,UBSG.SW,29.960601806640625,True,True
2004-12-31,ULVR.L,1128.58251953125,False,False
2004-12-31,UNH,34.65643310546875,True,True
2004-12-31,XOM,25.91875457763672,True,True
2005-03-31,6501.T,480.9296875,False,False
2005-03-31,6758.T,730.3106689453125,True,True
2005-03-31,6861.T,3620.21923828125,False,False
2005-03-31,7203.T,482.1162414550781,False,False
2005-03-31,7267.T,514.5013427734375,True,True
2005-03-31,9432.T,26.226333618164062,False,False
2005-03-31,9984.T,657.6741943359375,False,False
2005-03-31,AAPL,1.2509379386901855,True,True
2005-03-31,AIR.PA,17.487943649291992,True,True
2005-03-31,ALV.DE,39.310089111328125,True,True
2005-03-31,AMGN,40.25208282470703,True,True
2005-03-31,AMZN,1.7135000228881836,False,False
2005-03-31,ASML.AS,14.596376419067385,True,True
2005-03-31,BAC,28.11021041870117,True,True
2005-03-31,BAS.DE,10.54686450958252,True,True
2005-03-31,BAYN.DE,14.247243881225586,True,True
2005-03-31,BMY,11.858781814575195,True,True
2005-03-31,BP.L,542.764892578125,True,True
2005-03-31,CAT,27.361730575561523,True,True
2005-03-31,CSCO,11.707964897155762,False,False
2005-03-31,CVX,26.997840881347656,True,True
2005-03-31,DBK.DE,31.393346786499023,True,True
2005-03-31,FME.DE,14.582027435302734,False,False
2005-03-31,GE,104.57830810546876,True,True
2005-03-31,GS,80.38378143310547,True,True
2005-03-31,HSBA.L,722.112548828125,True,True
2005-03-31,IBM,47.053260803222656,True,True
2005-03-31,IFX.DE,5.44714879989624,False,False
2005-03-31,INTU,19.3515739440918,False,False
2005-03-31,JNJ,37.539676666259766,True,True
2005-03-31,JPM,20.039382934570312,False,False
2005-03-31,KO,11.287355422973633,False,False
2005-03-31,LLY,28.66097640991211,False,False
2005-03-31,MMM,39.50211334228516,False,False
2005-03-31,MRK,14.958697319030762,False,False
2005-03-31,MS,30.670974731445312,True,True
2005-03-31,MSFT,16.760156631469727,True,True
2005-03-31,NOVN.SW,21.009408950805664,True,True
2005-03-31,NVDA,0.1815536171197891,True,True
2005-03-31,OR.PA,43.03923416137695,False,False
2005-03-31,ORCL,10.02198600769043,True,True
2005-03-31,PEP,30.00253295898437,True,True
2005-03-31,PFE,10.58940601348877,False,False
2005-03-31,PG,30.004222869873047,True,True
2005-03-31,ROG.SW,67.89879608154297,True,True
2005-03-31,SAP.DE,21.80620574951172,False,False
2005-03-31,SIE.DE,27.503808975219727,True,True
2005-03-31,UBSG.SW,31.735933303833008,True,True
2005-03-31,ULVR.L,1153.9559326171875,True,True
2005-03-31,UNH,37.56215286254883,True,True
2005-03-31,XOM,30.283321380615234,True,True
2005-06-30,6501.T,486.7066650390625,False,False
2005-06-30,6758.T,653.3458862304688,True,True
2005-06-30,6861.T,3623.13330078125,True,True
2005-06-30,7203.T,479.6995849609375,False,False
2005-06-30,7267.T,524.0823974609375,True,True
2005-06-30,9432.T,26.561847686767575,True,True
2005-06-30,9984.T,647.2586059570312,False,False
2005-06-30,AAPL,1.1050407886505127,True,True
2005-06-30,AIR.PA,20.44639587402344,True,True
2005-06-30,ALV.DE,38.83025741577149,True,True
2005-06-30,AMGN,41.80794525146485,False,False
2005-06-30,AMZN,1.6545000076293943,False,False
2005-06-30,ASML.AS,14.585179328918455,True,True
2005-06-30,BAC,29.3579216003418,True,True
2005-06-30,BAS.DE,10.969157218933104,True,True
2005-06-30,BAYN.DE,15.77524471282959,True,True
2005-06-30,BMY,11.765522956848145,True,True
2005-06-30,BP.L,574.9717407226562,True,True
2005-06-30,CAT,28.653200149536133,True,True
2005-06-30,CSCO,12.486750602722168,False,False
2005-06-30,CVX,26.12401008605957,True,True
2005-06-30,DBK.DE,31.38140869140625,True,True
2005-06-30,FME.DE,16.79094123840332,True,True
2005-06-30,GE,101.1119155883789,False,False
2005-06-30,GS,74.7368392944336,True,True
2005-06-30,HSBA.L,767.9058227539062,False,False
2005-06-30,IBM,38.30843734741211,False,False
2005-06-30,IFX.DE,5.682701110839844,False,False
2005-06-30,INTU,19.944011688232425,False,False
2005-06-30,JNJ,36.51041793823242,True,True
2005-06-30,JPM,20.661487579345703,False,False
2005-06-30,KO,11.381537437438965,True,True
2005-06-30,LLY,30.84511947631836,False,False
2005-06-30,MMM,33.512237548828125,False,False
2005-06-30,MRK,14.401870727539062,False,False
2005-06-30,MS,28.249494552612305,True,True
2005-06-30,MSFT,17.27938461303711,False,False
2005-06-30,NOVN.SW,22.986143112182617,True,True
2005-06-30,NVDA,0.2041716426610946,True,True
2005-06-30,OR.PA,41.967552185058594,True,True
2005-06-30,ORCL,10.600180625915527,False,False
2005-06-30,PEP,30.65429306030273,True,True
2005-06-30,PFE,11.194364547729492,False,False
2005-06-30,PG,30.017396926879883,False,False
2005-06-30,ROG.SW,85.90628814697266,True,True
2005-06-30,SAP.DE,26.161230087280277,True,True
2005-06-30,SIE.DE,27.18394660949707,True,True
2005-06-30,UBSG.SW,31.42171669006348,True,True
2005-06-30,ULVR.L,1188.4334716796875,True,True
2005-06-30,UNH,41.06710815429688,True,True
2005-06-30,XOM,29.349777221679688,True,True
2005-09-30,6501.T,523.2960205078125,True,True
2005-09-30,6758.T,640.0473022460938,False,False
2005-09-30,6861.T,5035.15625,True,True
2005-09-30,7203.T,632.7332153320312,True,True
2005-09-30,7267.T,619.18212890625,True,True
2005-09-30,9432.T,31.368274688720703,True,True
2005-09-30,9984.T,937.4089965820312,True,True
2005-09-30,AAPL,1.609378695487976,True,True
2005-09-30,AIR.PA,22.890649795532227,True,True
2005-09-30,ALV.DE,45.93230056762695,True,True
2005-09-30,AMGN,55.09162521362305,True,True
2005-09-30,AMZN,2.265000104904175,False,False
2005-09-30,ASML.AS,15.302112579345703,True,True
2005-09-30,BAC,27.41669273376465,False,False
2005-09-30,BAS.DE,12.464954376220703,True,True
2005-09-30,BAYN.DE,17.433387756347656,True,True
2005-09-30,BMY,11.332207679748535,False,False
2005-09-30,BP.L,666.5638427734375,True,True
2005-09-30,CAT,35.4903678894043,True,True
2005-09-30,CSCO,11.7275972366333,False,False
2005-09-30,CVX,30.46470642089844,True,True
2005-09-30,DBK.DE,37.73916244506836,True,True
2005-09-30,FME.DE,17.997926712036133,True,True
2005-09-30,GE,98.90067291259766,False,False
2005-09-30,GS,89.27210235595703,True,True
2005-09-30,HSBA.L,791.27001953125,True,True
2005-09-30,IBM,41.51608657836914,False,False
2005-09-30,IFX.DE,6.021306991577148,True,True
2005-09-30,INTU,19.81138038635254,False,False
2005-09-30,JNJ,35.727813720703125,False,False
2005-09-30,JPM,20.04129409790039,False,False
2005-09-30,KO,11.849078178405762,True,True
2005-09-30,LLY,29.84297752380371,True,True
2005-09-30,MMM,34.20404815673828,False,False
2005-09-30,MRK,12.89643669128418,False,False
2005-09-30,MS,29.188201904296875,False,False
2005-09-30,MSFT,17.951576232910156,False,False
2005-09-30,NOVN.SW,24.718507766723636,True,True
2005-09-30,NVDA,0.2619386613368988,True,True
2005-09-30,OR.PA,45.5738639831543,True,True
2005-09-30,ORCL,9.957743644714355,False,False
2005-09-30,PEP,32.38704299926758,True,True
2005-09-30,PFE,10.207636833190918,False,False
2005-09-30,PG,34.00925064086914,True,True
2005-09-30,ROG.SW,95.22779846191406,True,True
2005-09-30,SAP.DE,26.12308883666992,True,True
2005-09-30,SIE.DE,28.87787437438965,True,True
2005-09-30,UBSG.SW,34.56388092041016,True,True
2005-09-30,ULVR.L,1306.5037841796875,True,True
2005-09-30,UNH,44.26490020751953,True,True
2005-09-30,XOM,32.60875701904297,True,True
2005-12-31,6501.T,578.6095581054688,True,True
2005-12-31,6758.T,827.0850830078125,True,True
2005-12-31,6861.T,5919.04296875,True,True
2005-12-31,7203.T,744.6785888671875,True,True
2005-12-31,7267.T,649.080322265625,True,True
2005-12-31,9432.T,30.13153648376465,True,True
2005-12-31,9984.T,2222.99853515625,True,True
2005-12-31,AAPL,2.1581456661224365,True,True
2005-12-31,AIR.PA,24.75293731689453,True,True
2005-12-31,ALV.DE,52.31064224243164,True,True
2005-12-31,AMGN,54.53152847290039,True,True
2005-12-31,AMZN,2.3575000762939453,True,True
2005-12-31,ASML.AS,18.93160820007324,True,True
2005-12-31,BAC,30.37886047363281,True,True
2005-12-31,BAS.DE,12.905717849731444,True,True
2005-12-31,BAYN.DE,20.177906036376957,True,True
2005-12-31,BMY,10.952048301696776,False,False
2005-12-31,BP.L,612.673583984375,True,True
2005-12-31,CAT,35.05647659301758,True,True
2005-12-31,CSCO,11.204046249389648,False,False
2005-12-31,CVX,26.93217658996582,True,True
2005-12-31,DBK.DE,39.71778106689453,True,True
2005-12-31,FME.DE,21.14608192443848,True,True
2005-12-31,GE,103.68815612792967,False,False
2005-12-31,GS,93.96696472167967,True,True
2005-12-31,HSBA.L,805.1432495117188,True,True
2005-12-31,IBM,42.64279174804688,False,False
2005-12-31,IFX.DE,5.690061569213867,False,False
2005-12-31,INTU,23.56497383117676,True,True
2005-12-31,JNJ,34.1100959777832,False,False
2005-12-31,JPM,23.67948532104492,True,True
2005-12-31,KO,11.131817817687988,False,False
2005-12-31,LLY,31.786964416503903,True,True
2005-12-31,MMM,36.32688903808594,False,False
2005-12-31,MRK,15.269942283630373,False,False
2005-12-31,MS,30.86043930053711,True,True
2005-12-31,MSFT,18.298095703125,True,True
2005-12-31,NOVN.SW,25.99867248535156,True,True
2005-12-31,NVDA,0.2793605923652649,True,True
2005-12-31,OR.PA,44.40712356567383,True,True
2005-12-31,ORCL,9.805167198181152,False,False
2005-12-31,PEP,33.88810729980469,True,True
2005-12-31,PFE,9.615153312683104,False,False
2005-12-31,PG,33.27385330200195,True,True
2005-12-31,ROG.SW,104.49636840820312,True,True
2005-12-31,SAP.DE,27.823455810546875,True,True
2005-12-31,SIE.DE,32.61713409423828,True,True
2005-12-31,UBSG.SW,39.308570861816406,True,True
2005-12-31,ULVR.L,1272.447509765625,True,True
2005-12-31,UNH,48.94345474243164,True,True
2005-12-31,XOM,28.97360610961914,False,False
2006-03-31,6501.T,610.3856201171875,True,True
2006-03-31,6758.T,937.4130859375,True,True
2006-03-31,6861.T,5940.5361328125,True,True
2006-03-31,7203.T,789.19189453125,True,True
2006-03-31,7267.T,708.8927612304688,True,True
2006-03-31,9432.T,28.551063537597656,True,True
2006-03-31,9984.T,1541.2835693359375,True,True
2006-03-31,AAPL,1.882861852645874,True,True
2006-03-31,AIR.PA,26.979928970336918,True,True
2006-03-31,ALV.DE,56.33392333984375,True,True
2006-03-31,AMGN,50.306453704833984,True,True
2006-03-31,AMZN,1.8265000581741333,False,False
2006-03-31,ASML.AS,18.875600814819336,True,True
2006-03-31,BAC,30.307830810546875,True,True
2006-03-31,BAS.DE,12.903716087341309,False,False
2006-03-31,BAYN.DE,18.90284919738769,True,True
2006-03-31,BMY,11.87192726135254,False,False
2006-03-31,BP.L,654.296630859375,False,False
2006-03-31,CAT,43.75005340576172,True,True
2006-03-31,CSCO,14.181751251220703,True,True
2006-03-31,CVX,27.721784591674805,False,False
2006-03-31,DBK.DE,46.07232284545898,True,True
2006-03-31,FME.DE,23.45730209350586,True,True
2006-03-31,GE,103.65975952148438,True,True
2006-03-31,GS,115.70482635498048,True,True
2006-03-31,HSBA.L,832.9004516601562,True,True
2006-03-31,IBM,42.89027404785156,False,False
2006-03-31,IFX.DE,6.264220237731934,True,True
2006-03-31,INTU,23.516342163085938,True,True
2006-03-31,JNJ,33.801029205322266,False,False
2006-03-31,JPM,25.054832458496094,True,True
2006-03-31,KO,11.647037506103516,False,False
2006-03-31,LLY,31.285125732421875,True,True
2006-03-31,MMM,35.70282745361328,True,True
2006-03-31,MRK,17.097827911376953,True,True
2006-03-31,MS,34.32380294799805,True,True
2006-03-31,MSFT,19.10433006286621,True,True
2006-03-31,NOVN.SW,27.833480834960938,True,True
2006-03-31,NVDA,0.4375322461128235,True,True
2006-03-31,OR.PA,51.40761566162109,True,True
2006-03-31,ORCL,10.99367332458496,True,True
2006-03-31,PEP,33.293006896972656,True,True
2006-03-31,PFE,10.373736381530762,False,False
2006-03-31,PG,33.28905487060547,True,True
2006-03-31,ROG.SW,104.12493896484376,True,True
2006-03-31,SAP.DE,32.519432067871094,True,True
2006-03-31,SIE.DE,35.42792892456055,True,True
2006-03-31,UBSG.SW,44.99590301513672,True,True
2006-03-31,ULVR.L,1300.0372314453125,True,True
2006-03-31,UNH,44.020694732666016,True,True
2006-03-31,XOM,31.559593200683597,False,False
2006-06-30,6501.T,553.9632568359375,False,False
2006-06-30,6758.T,868.6122436523438,True,True
2006-06-30,6861.T,5672.63037109375,False,False
2006-06-30,7203.T,735.18798828125,True,True
2006-06-30,7267.T,705.9755859375,True,True
2006-06-30,9432.T,31.71712684631348,False,False
2006-06-30,9984.T,1145.910888671875,False,False
2006-06-30,AAPL,1.719252347946167,False,False
2006-06-30,AIR.PA,17.79668426513672,False,False
2006-06-30,ALV.DE,51.28282165527344,True,True
2006-06-30,AMGN,45.106407165527344,False,False
2006-06-30,AMZN,1.934000015258789,False,False
2006-06-30,ASML.AS,17.744186401367188,True,True
2006-06-30,BAC,32.34363555908203,True,True
2006-06-30,BAS.DE,12.894495010375977,True,True
2006-06-30,BAYN.DE,21.09701156616211,True,True
2006-06-30,BMY,12.617676734924316,True,True
2006-06-30,BP.L,624.153564453125,False,False
2006-06-30,CAT,45.52085113525391,True,True
2006-06-30,CSCO,12.78125,True,True
2006-06-30,CVX,29.93275260925293,True,True
2006-06-30,DBK.DE,44.23781967163086,True,True
2006-06-30,FME.DE,21.663442611694336,True,True
2006-06-30,GE,98.97021484375,False,False
2006-06-30,GOOGL,10.431184768676758,True,True
2006-06-30,GS,111.12191772460938,True,True
2006-06-30,HSBA.L,821.3185424804688,True,True
2006-06-30,IBM,40.0963249206543,False,False
2006-06-30,IFX.DE,6.411441802978516,True,True
2006-06-30,INTU,26.76592254638672,True,True
2006-06-30,JNJ,34.41282653808594,False,False
2006-06-30,JPM,25.478042602539062,True,True
2006-06-30,KO,12.053203582763672,True,True
2006-06-30,LLY,31.51027488708496,True,True
2006-06-30,MMM,38.30214309692383,True,True
2006-06-30,MRK,17.885295867919922,True,True
2006-06-30,MS,34.68275833129883,True,True
2006-06-30,MSFT,16.422876358032227,False,False
2006-06-30,NOVN.SW,25.41446304321289,True,True
2006-06-30,NVDA,0.325359582901001,True,True
2006-06-30,OR.PA,52.932254791259766,True,True
2006-06-30,ORCL,11.636110305786133,True,True
2006-06-30,PEP,34.76156997680664,True,True
2006-06-30,PFE,9.86291217803955,True,True
2006-06-30,PG,32.29472732543945,False,False
2006-06-30,ROG.SW,108.41653442382812,True,True
2006-06-30,SAP.DE,30.997114181518555,True,True
2006-06-30,SIE.DE,31.284555435180664,True,True
2006-06-30,UBSG.SW,42.105098724365234,True,True
2006-06-30,ULVR.L,1208.0733642578125,False,False
2006-06-30,UNH,35.28907012939453,False,False
2006-06-30,XOM,31.97370719909668,True,True
2006-09-30,6501.T,507.16357421875,False,False
2006-09-30,6758.T,824.35009765625,False,False
2006-09-30,6861.T,5282.4521484375,False,False
2006-09-30,7203.T,794.2781982421875,False,False
2006-09-30,7267.T,778.1954345703125,True,True
2006-09-30,9432.T,33.022254943847656,True,True
2006-09-30,9984.T,1092.3006591796875,False,False
2006-09-30,AAPL,2.310948371887207,False,False
2006-09-30,AIR.PA,17.971010208129883,False,False
2006-09-30,ALV.DE,56.66353225708008,False,False
2006-09-30,AMGN,49.46282577514648,False,False
2006-09-30,AMZN,1.6059999465942385,False,False
2006-09-30,ASML.AS,20.65673828125,True,True
2006-09-30,BAC,36.41175079345703,True,True
2006-09-30,BAS.DE,12.97049045562744,False,False
2006-09-30,BAYN.DE,23.59765625,True,True
2006-09-30,BMY,12.29275131225586,True,True
2006-09-30,BP.L,576.1920166015625,False,False
2006-09-30,CAT,40.39092254638672,True,True
2006-09-30,CSCO,15.039072036743164,True,True
2006-09-30,CVX,31.528451919555664,True,True
2006-09-30,DBK.DE,47.8371696472168,True,True
2006-09-30,FME.DE,24.69073867797852,True,True
2006-09-30,GE,106.75878143310548,False,False
2006-09-30,GOOGL,9.997598648071287,False,False
2006-09-30,GS,125.26699829101562,True,True
2006-09-30,HSBA.L,841.24072265625,True,True
2006-09-30,IBM,42.93929672241211,False,False
2006-09-30,IFX.DE,6.882544994354248,True,True
2006-09-30,INTU,28.375232696533203,True,True
2006-09-30,JNJ,37.51231384277344,True,True
2006-09-30,JPM,28.71938133239746,True,True
2006-09-30,KO,12.60556411743164,True,True
2006-09-30,LLY,32.733367919921875,False,False
2006-09-30,MMM,35.52008438110352,False,False
2006-09-30,MRK,20.761964797973636,True,True
2006-09-30,MS,40.17476272583008,True,True
2006-09-30,MSFT,19.348493576049805,False,False
2006-09-30,NOVN.SW,28.025436401367188,False,False
2006-09-30,NVDA,0.4522030353546142,False,False
2006-09-30,OR.PA,57.41195297241211,True,True
2006-09-30,ORCL,14.246000289916992,True,True
2006-09-30,PEP,37.958473205566406,True,True
2006-09-30,PFE,12.02821159362793,True,True
2006-09-30,PG,36.20157623291016,True,True
2006-09-30,ROG.SW,115.98046112060548,True,True
2006-09-30,SAP.DE,29.381500244140625,False,False
2006-09-30,SIE.DE,31.638648986816406,False,False
2006-09-30,UBSG.SW,47.00688934326172,True,True
2006-09-30,ULVR.L,1308.414794921875,False,False
2006-09-30,UNH,38.77226257324219,False,False
2006-09-30,XOM,35.1326789855957,True,True
2006-12-31,6501.T,546.1760864257812,False,False
2006-12-31,6758.T,879.5365600585938,False,False
2006-12-31,6861.T,5727.18798828125,False,False
2006-12-31,7203.T,984.8062744140624,True,True
2006-12-31,7267.T,924.7069091796876,True,True
2006-12-31,9432.T,33.36386489868164,True,True
2006-12-31,9984.T,1034.2239990234375,False,False
2006-12-31,AAPL,2.546905994415283,True,True
2006-12-31,AIR.PA,20.680927276611328,False,False
2006-12-31,ALV.DE,64.25298309326172,True,True
2006-12-31,AMGN,47.236209869384766,False,False
2006-12-31,AMZN,1.9730000495910645,False,True
2006-12-31,ASML.AS,21.104820251464844,True,True
2006-12-31,BAC,36.66777801513672,True,True
2006-12-31,BAS.DE,15.168183326721191,True,True
2006-12-31,BAYN.DE,23.86767578125,True,True
2006-12-31,BMY,13.131497383117676,True,True
2006-12-31,BP.L,561.8858032226562,False,False
2006-12-31,CAT,37.81125259399414,False,False
2006-12-31,CSCO,17.88589096069336,True,True
2006-12-31,CVX,36.008995056152344,True,True
2006-12-31,DBK.DE,50.94386672973633,True,True
2006-12-31,FME.DE,24.33642578125,True,True
2006-12-31,GE,113.36727142333984,True,True
2006-12-31,GOOGL,11.454825401306152,True,True
2006-12-31,GS,147.89764404296875,True,True
2006-12-31,HSBA.L,803.7523803710938,False,False
2006-12-31,IBM,51.07505035400391,True,True
2006-12-31,IFX.DE,7.861562252044678,True,True
2006-12-31,INTU,26.978139877319336,False,False
2006-12-31,JNJ,38.35156631469727,True,True
2006-12-31,JPM,29.750701904296875,True,True
2006-12-31,KO,13.703778266906738,True,True
2006-12-31,LLY,30.14215087890625,False,False
2006-12-31,MMM,37.40681838989258,False,False
2006-12-31,MRK,21.786731719970703,True,True
2006-12-31,MS,45.031532287597656,True,True
2006-12-31,MSFT,21.196386337280277,True,True
2006-12-31,NOVN.SW,26.96968460083008,False,False
2006-12-31,NVDA,0.5655971169471741,True,True
2006-12-31,OR.PA,54.40160369873047,False,False
2006-12-31,ORCL,13.764172554016112,True,True
2006-12-31,PEP,36.55308151245117,True,True
2006-12-31,PFE,11.082326889038086,True,True
2006-12-31,PG,37.72700119018555,True,True
2006-12-31,ROG.SW,117.2143096923828,True,True
2006-12-31,SAP.DE,30.253175735473636,False,False
2006-12-31,SIE.DE,34.5541877746582,False,False
2006-12-31,UBSG.SW,46.53556823730469,True,True
2006-12-31,ULVR.L,1418.8492431640625,True,True
2006-12-31,UNH,42.34214401245117,True,True
2006-12-31,XOM,40.2964096069336,True,True
2007-03-31,6501.T,675.0950317382812,True,True
2007-03-31,6758.T,1035.0911865234375,True,True
2007-03-31,6861.T,5169.88720703125,False,False
2007-03-31,7203.T,942.5179443359376,True,True
2007-03-31,7267.T,812.44091796875,True,True
2007-03-31,9432.T,35.70418930053711,True,True
2007-03-31,9984.T,1354.7420654296875,True,True
2007-03-31,AAPL,2.7891690731048584,True,True
2007-03-31,AIR.PA,18.398887634277344,True,True
2007-03-31,ALV.DE,63.817039489746094,True,True
2007-03-31,AMGN,38.640899658203125,False,False
2007-03-31,AMZN,1.9895000457763672,True,True
2007-03-31,ASML.AS,20.71274757385254,True,True
2007-03-31,BAC,35.43063735961914,True,True
2007-03-31,BAS.DE,17.3104190826416,True,True
2007-03-31,BAYN.DE,28.082380294799805,True,True
2007-03-31,BMY,13.998860359191896,True,True
2007-03-31,BP.L,546.5936279296875,False,False
2007-03-31,CAT,41.53340148925781,False,False
2007-03-31,CSCO,16.7078914642334,True,True
2007-03-31,CVX,36.48003005981445,True,True
2007-03-31,DBK.DE,51.05850601196289,True,True
2007-03-31,FME.DE,26.25259017944336,True,True
2007-03-31,GE,108.57752990722656,True,True
2007-03-31,GOOGL,11.397112846374512,True,True
2007-03-31,GS,153.554931640625,True,True
2007-03-31,HSBA.L,768.078857421875,False,False
2007-03-31,IBM,49.70501327514648,True,True
2007-03-31,IFX.DE,8.575577735900879,True,True
2007-03-31,INTU,24.192781448364254,False,False
2007-03-31,JNJ,35.209346771240234,True,True
2007-03-31,JPM,30.01126480102539,True,True
2007-03-31,KO,13.730125427246094,True,True
2007-03-31,LLY,31.318233489990234,False,False
2007-03-31,MMM,36.9182243347168,True,True
2007-03-31,MRK,22.260921478271484,True,True
2007-03-31,MS,43.70036697387695,True,True
2007-03-31,MSFT,19.85236549377441,True,True
2007-03-31,NOVN.SW,27.38129997253418,True,True
2007-03-31,NVDA,0.4398243725299835,False,False
2007-03-31,OR.PA,58.580265045166016,True,True
2007-03-31,ORCL,14.55918312072754,True,True
2007-03-31,PEP,37.32029342651367,True,True
2007-03-31,PFE,10.926581382751465,True,True
2007-03-31,PG,37.25308609008789,True,True
2007-03-31,ROG.SW,117.162353515625,True,True
2007-03-31,SAP.DE,25.07571792602539,False,False
2007-03-31,SIE.DE,37.55297088623047,True,True
2007-03-31,UBSG.SW,45.372955322265625,True,True
2007-03-31,ULVR.L,1521.18994140625,True,True
2007-03-31,UNH,41.76607894897461,True,True
2007-03-31,XOM,39.84488677978516,True,True
2007-06-30,6501.T,646.2890625,True,True
2007-06-30,6758.T,1093.8446044921875,True,True
2007-06-30,6861.T,5235.9912109375,False,False
2007-06-30,7203.T,973.7271728515624,True,True
2007-06-30,7267.T,893.5769653320312,True,True
2007-06-30,9432.T,31.348634719848636,False,False
2007-06-30,9984.T,1189.3111572265625,True,True
2007-06-30,AAPL,3.663654088973999,True,True
2007-06-30,AIR.PA,19.2113094329834,False,False
2007-06-30,ALV.DE,73.75200653076172,True,True
2007-06-30,AMGN,38.23291778564453,False,False
2007-06-30,AMZN,3.4205000400543213,True,True
2007-06-30,ASML.AS,22.964378356933597,True,True
2007-06-30,BAC,34.32700729370117,False,False
2007-06-30,BAS.DE,20.673322677612305,True,True
2007-06-30,BAYN.DE,33.59086227416992,True,True
2007-06-30,BMY,16.076587677001953,True,True
2007-06-30,BP.L,597.1475219726562,True,True
2007-06-30,CAT,48.727294921875,True,True
2007-06-30,CSCO,18.226207733154297,True,True
2007-06-30,CVX,41.85122680664063,True,True
2007-06-30,DBK.DE,56.54399490356445,True,True
2007-06-30,FME.DE,24.98912048339844,True,True
2007-06-30,GE,118.3922119140625,False,False
2007-06-30,GOOGL,13.002598762512209,True,True
2007-06-30,GS,161.33303833007812,True,True
2007-06-30,HSBA.L,790.1688232421875,False,False
2007-06-30,IBM,55.71628189086914,True,True
2007-06-30,IFX.DE,9.061407089233398,True,True
2007-06-30,INTU,26.59791374206543,False,False
2007-06-30,JNJ,36.23967361450195,False,False
2007-06-30,JPM,30.268014907836918,True,True
2007-06-30,KO,15.063119888305664,True,True
2007-06-30,LLY,32.82114028930664,True,True
2007-06-30,MMM,42.15726852416992,True,True
2007-06-30,MRK,25.285131454467773,True,True
2007-06-30,MS,46.698280334472656,True,True
2007-06-30,MSFT,21.060073852539062,False,False
2007-06-30,NOVN.SW,27.1066951751709,False,False
2007-06-30,NVDA,0.6313112378120422,True,True
2007-06-30,OR.PA,63.78677368164063,True,True
2007-06-30,ORCL,15.827999114990234,True,True
2007-06-30,PEP,38.29008102416992,True,True
2007-06-30,PFE,11.179213523864746,False,False
2007-06-30,PG,36.29045486450195,False,False
2007-06-30,ROG.SW,118.47019958496094,True,True
2007-06-30,SAP.DE,28.989614486694336,False,False
2007-06-30,SIE.DE,50.01276016235352,True,True
2007-06-30,UBSG.SW,47.61952972412109,False,False
2007-06-30,ULVR.L,1604.97705078125,True,True
2007-06-30,UNH,40.32316589355469,True,True
2007-06-30,XOM,44.48796844482422,True,True
2007-09-30,6501.T,567.4801635742188,False,False
2007-09-30,6758.T,964.7723388671876,True,True
2007-09-30,6861.T,4964.01025390625,False,False
2007-09-30,7203.T,854.8643188476562,False,False
2007-09-30,7267.T,771.0138549804688,False,False
2007-09-30,9432.T,31.041597366333008,False,False
2007-09-30,9984.T,947.8720092773438,False,False
2007-09-30,AAPL,4.607186794281006,True,True
2007-09-30,AIR.PA,17.17229652404785,False,False
2007-09-30,ALV.DE,69.61383819580078,True,True
2007-09-30,AMGN,39.11802291870117,False,False
2007-09-30,AMZN,4.65749979019165,True,True
2007-09-30,ASML.AS,26.04496192932129,True,True
2007-09-30,BAC,35.743797302246094,False,False
2007-09-30,BAS.DE,20.622299194335938,True,True
2007-09-30,BAYN.DE,33.42321014404297,True,True
2007-09-30,BMY,14.81108856201172,True,True
2007-09-30,BP.L,562.0454711914062,True,True
2007-09-30,CAT,49.01224136352539,True,True
2007-09-30,CSCO,21.681655883789062,True,True
2007-09-30,CVX,46.8208122253418,True,True
2007-09-30,DBK.DE,47.402339935302734,False,False
2007-09-30,FME.DE,27.288148880004883,True,True
2007-09-30,GE,128.90586853027344,True,True
2007-09-30,GOOGL,14.111316680908203,True,True
2007-09-30,GS,161.61553955078125,True,True
2007-09-30,HSBA.L,781.1744995117188,False,False
2007-09-30,IBM,62.58037567138672,True,True
2007-09-30,IFX.DE,8.899462699890137,True,True
2007-09-30,INTU,26.79244613647461,True,True
2007-09-30,JNJ,38.89909744262695,True,True
2007-09-30,JPM,28.8480224609375,False,False
2007-09-30,KO,16.650707244873047,True,True
2007-09-30,LLY,33.68834686279297,True,True
2007-09-30,MMM,45.70344924926758,True,True
2007-09-30,MRK,26.445571899414062,True,True
2007-09-30,MS,42.414329528808594,False,False
2007-09-30,MSFT,21.126731872558597,True,True
2007-09-30,NOVN.SW,25.24065589904785,False,False
2007-09-30,NVDA,0.8307451009750366,True,True
2007-09-30,OR.PA,66.83806610107422,True,True
2007-09-30,ORCL,17.385906219482422,True,True
2007-09-30,PEP,43.493408203125,True,True
2007-09-30,PFE,10.809542655944824,False,False
2007-09-30,PG,41.95135116577149,True,True
2007-09-30,ROG.SW,115.03707885742188,False,False
2007-09-30,SAP.DE,31.25882339477539,True,True
2007-09-30,SIE.DE,45.24940490722656,True,True
2007-09-30,UBSG.SW,40.50248336791992,False,False
2007-09-30,ULVR.L,1535.41064453125,True,True
2007-09-30,UNH,38.18635177612305,False,False
2007-09-30,XOM,49.28790283203125,True,True
2007-12-31,6501.T,617.9229736328125,False,False
2007-12-31,6758.T,1073.893798828125,False,False
2007-12-31,6861.T,5343.61083984375,False,False
2007-12-31,7203.T,761.560546875,False,False
2007-12-31,7267.T,753.438720703125,False,False
2007-12-31,9432.T,32.31332778930664,False,False
2007-12-31,9984.T,1032.82275390625,False,False
2007-12-31,AAPL,5.946386337280273,True,True
2007-12-31,AIR.PA,17.387348175048828,False,False
2007-12-31,ALV.DE,62.858516693115234,False,False
2007-12-31,AMGN,32.1131477355957,False,False
2007-12-31,AMZN,4.631999969482422,True,True
2007-12-31,ASML.AS,23.392274856567383,True,True
2007-12-31,BAC,29.763408660888672,False,False
2007-12-31,BAS.DE,21.559871673583984,True,True
2007-12-31,BAYN.DE,37.44093704223633,True,True
2007-12-31,BMY,13.761446952819824,False,False
2007-12-31,BP.L,609.1401977539062,True,True
2007-12-31,CAT,45.556617736816406,True,True
2007-12-31,CSCO,17.715734481811523,True,True
2007-12-31,CVX,47.00970458984375,True,True
2007-12-31,DBK.DE,46.88835906982422,False,False
2007-12-31,FME.DE,26.86348342895508,True,True
2007-12-31,GE,116.41051483154295,True,True
2007-12-31,GOOGL,17.201143264770508,True,True
2007-12-31,GS,160.60498046875,True,True
2007-12-31,HSBA.L,727.2711791992188,False,False
2007-12-31,IBM,57.63101196289063,True,True
2007-12-31,IFX.DE,5.940337657928467,False,False
2007-12-31,INTU,27.9508056640625,True,True
2007-12-31,JNJ,39.73679733276367,True,True
2007-12-31,JPM,27.70502471923828,False,False
2007-12-31,KO,17.877153396606445,True,True
2007-12-31,LLY,31.851394653320312,True,True
2007-12-31,MMM,41.42432403564453,True,True
2007-12-31,MRK,29.9249267578125,True,True
2007-12-31,MS,35.89622497558594,False,False
2007-12-31,MSFT,25.61432647705078,True,True
2007-12-31,NOVN.SW,24.396026611328125,False,False
2007-12-31,NVDA,0.7798550724983215,True,True
2007-12-31,OR.PA,71.18254852294922,True,True
2007-12-31,ORCL,18.13273048400879,True,True
2007-12-31,PEP,45.28227996826172,True,True
2007-12-31,PFE,10.180719375610352,False,False
2007-12-31,PG,44.00577926635742,True,True
2007-12-31,ROG.SW,106.59049987792967,False,False
2007-12-31,SAP.DE,27.05544662475586,False,False
2007-12-31,SIE.DE,51.087440490722656,True,True
2007-12-31,UBSG.SW,33.903038024902344,False,False
2007-12-31,ULVR.L,1878.4549560546875,True,True
2007-12-31,UNH,45.8898811340332,True,True
2007-12-31,XOM,50.08356857299805,True,True
2008-03-31,6501.T,440.5379028320313,False,False
2008-03-31,6758.T,689.6622314453125,False,False
2008-03-31,6861.T,4467.57275390625,False,False
2008-03-31,7203.T,635.5748291015625,False,False
2008-03-31,7267.T,575.7208862304688,False,False
2008-03-31,9432.T,25.118051528930664,False,False
2008-03-31,9984.T,808.9929809570312,False,False
2008-03-31,AAPL,4.307888031005859,True,True
2008-03-31,AIR.PA,11.955296516418455,False,False
2008-03-31,ALV.DE,53.311824798583984,False,False
2008-03-31,AMGN,28.89076232910156,False,False
2008-03-31,AMZN,3.565000057220459,False,False
2008-03-31,ASML.AS,16.826026916503906,False,False
2008-03-31,BAC,27.805723190307617,False,False
2008-03-31,BAS.DE,18.136993408203125,False,False
2008-03-31,BAYN.DE,30.39344787597656,True,False
2008-03-31,BMY,11.1834716796875,False,False
2008-03-31,BP.L,507.18212890625,False,False
2008-03-31,CAT,49.43105316162109,False,False
2008-03-31,CSCO,15.76550006866455,False,False
2008-03-31,CVX,43.30491638183594,True,True
2008-03-31,DBK.DE,37.605079650878906,False,False
2008-03-31,FME.DE,23.31976318359375,False,False
2008-03-31,GE,117.28016662597656,False,False
2008-03-31,GOOGL,10.957060813903809,False,False
2008-03-31,GS,123.7350845336914,False,False
2008-03-31,HSBA.L,717.0823974609375,False,False
2008-03-31,IBM,61.61894226074219,True,True
2008-03-31,IFX.DE,3.2756500244140625,False,False
2008-03-31,INTU,23.88329696655273,False,False
2008-03-31,JNJ,38.90291976928711,True,True
2008-03-31,JPM,27.500141143798828,False,False
2008-03-31,KO,17.845537185668945,True,True
2008-03-31,LLY,31.06371688842773,False,False
2008-03-31,MMM,39.12946319580078,False,False
2008-03-31,MRK,19.71431350708008,False,False
2008-03-31,MS,31.068716049194336,False,False
2008-03-31,MSFT,20.49884986877441,True,False
2008-03-31,NOVN.SW,20.72152709960937,False,False
2008-03-31,NVDA,0.4536546766757965,False,False
2008-03-31,OR.PA,58.439720153808594,False,False
2008-03-31,ORCL,15.707539558410645,True,True
2008-03-31,PEP,43.30670928955078,True,True
2008-03-31,PFE,9.507006645202637,False,False
2008-03-31,PG,42.2098503112793,True,True
2008-03-31,ROG.SW,104.26947021484376,False,False
2008-03-31,SAP.DE,23.9714469909668,False,False
2008-03-31,SIE.DE,32.93263626098633,False,False
2008-03-31,UBSG.SW,18.67255401611328,False,False
2008-03-31,ULVR.L,1688.621337890625,True,True
2008-03-31,UNH,27.11601829528809,False,False
2008-03-31,XOM,45.40880584716797,True,True
2008-06-30,6501.T,570.9849243164062,False,False
2008-06-30,6758.T,806.053466796875,False,False
2008-06-30,6861.T,4929.5322265625,False,False
2008-06-30,7203.T,640.6900634765625,False,False
2008-06-30,7267.T,734.8165283203125,False,False
2008-06-30,9432.T,30.375307083129883,False,False
2008-06-30,9984.T,801.3819580078125,False,False
2008-06-30,AAPL,5.026567459106445,False,False
2008-06-30,AIR.PA,9.67014217376709,False,False
2008-06-30,ALV.DE,49.741920471191406,False,False
2008-06-30,AMGN,32.61103820800781,False,False
2008-06-30,AMZN,3.6665000915527344,False,False
2008-06-30,ASML.AS,17.120121002197266,False,False
2008-06-30,BAC,17.8508243560791,False,False
2008-06-30,BAS.DE,19.44038391113281,False,False
2008-06-30,BAYN.DE,32.81022262573242,False,False
2008-06-30,BMY,10.931982040405272,False,False
2008-06-30,BP.L,577.8252563476562,False,False
2008-06-30,CAT,46.82208633422852,True,False
2008-06-30,CSCO,15.222317695617676,False,False
2008-06-30,CVX,50.62746047973633,True,True
2008-06-30,DBK.DE,30.671092987060547,False,False
2008-06-30,FME.DE,26.03582000732422,False,False
2008-06-30,GE,85.51712036132812,False,False
2008-06-30,GOOGL,13.095137596130373,False,False
2008-06-30,GS,131.0928192138672,False,False
2008-06-30,HSBA.L,670.2819213867188,False,False
2008-06-30,IBM,63.69245529174805,True,True
2008-06-30,IFX.DE,4.070640563964844,False,False
2008-06-30,INTU,24.37847137451172,False,False
2008-06-30,JNJ,38.85700225830078,False,False
2008-06-30,JPM,22.147157669067383,False,False
2008-06-30,KO,15.339699745178224,False,False
2008-06-30,LLY,28.06467628479004,False,False
2008-06-30,MMM,34.62656784057617,False,False
2008-06-30,MRK,19.77519798278809,False,False
2008-06-30,MS,24.66167640686035,False,False
2008-06-30,MSFT,19.943601608276367,False,False
2008-06-30,NOVN.SW,22.899524688720703,False,False
2008-06-30,NVDA,0.4291265904903412,False,False
2008-06-30,OR.PA,51.15742111206055,False,False
2008-06-30,ORCL,16.863922119140625,False,False
2008-06-30,PEP,38.38560485839844,False,False
2008-06-30,PFE,8.06170654296875,False,False
2008-06-30,PG,36.84150314331055,False,False
2008-06-30,ROG.SW,102.65159606933594,False,False
2008-06-30,SAP.DE,25.68859100341797,False,False
2008-06-30,SIE.DE,33.8297119140625,False,False
2008-06-30,UBSG.SW,13.871777534484863,False,False
2008-06-30,ULVR.L,1420.55908203125,False,False
2008-06-30,UNH,20.7158203125,False,False
2008-06-30,XOM,47.52610397338867,False,False
2008-09-30,6501.T,537.3956298828125,True,True
2008-09-30,6758.T,553.917236328125,False,False
2008-09-30,6861.T,4060.262451171875,False,False
2008-09-30,7203.T,567.797119140625,False,False
2008-09-30,7267.T,633.0306396484375,True,False
2008-09-30,9432.T,27.714418411254883,True,False
2008-09-30,9984.T,601.2604370117188,False,False
2008-09-30,AAPL,3.4120869636535645,False,False
2008-09-30,AIR.PA,9.638016700744627,False,False
2008-09-30,ALV.DE,42.79850769042969,False,False
2008-09-30,AMGN,40.98506927490234,True,True
2008-09-30,AMZN,3.638000011444092,False,False
2008-09-30,ASML.AS,13.575762748718262,False,False
2008-09-30,BAC,26.6978759765625,False,False
2008-09-30,BAS.DE,14.97291088104248,False,False
2008-09-30,BAYN.DE,31.791427612304688,False,False
2008-09-30,BMY,11.270097732543944,False,False
2008-09-30,BP.L,459.744873046875,False,False
2008-09-30,CAT,38.0291748046875,False,False
2008-09-30,CSCO,14.764204025268556,False,False
2008-09-30,CVX,42.442649841308594,True,False
2008-09-30,DBK.DE,28.77485656738281,False,False
2008-09-30,FME.DE,27.270309448242188,True,True
2008-09-30,GE,82.80164337158203,False,False
2008-09-30,GOOGL,9.963269233703612,False,False
2008-09-30,GS,96.12655639648438,False,False
2008-09-30,HSBA.L,778.5980224609375,True,True
2008-09-30,IBM,63.09359359741211,True,True
2008-09-30,IFX.DE,2.8818359375,False,False
2008-09-30,INTU,27.9508056640625,True,True
2008-09-30,JNJ,42.11220169067383,True,True
2008-09-30,JPM,30.4825382232666,False,False
2008-09-30,KO,15.716283798217772,False,False
2008-09-30,LLY,27.0275993347168,False,False
2008-09-30,MMM,34.22968292236328,False,False
2008-09-30,MRK,16.741558074951172,False,False
2008-09-30,MS,15.84272003173828,False,False
2008-09-30,MSFT,19.426319122314453,False,False
2008-09-30,NOVN.SW,23.83545684814453,True,True
2008-09-30,NVDA,0.2455099076032638,False,False
2008-09-30,OR.PA,51.26846694946289,False,False
2008-09-30,ORCL,16.309829711914062,False,False
2008-09-30,PEP,43.28643035888672,False,False
2008-09-30,PFE,8.649757385253906,False,False
2008-09-30,PG,42.48551177978516,False,False
2008-09-30,ROG.SW,97.35164642333984,False,False
2008-09-30,SAP.DE,29.094690322875977,True,True
2008-09-30,SIE.DE,31.541460037231445,False,False
2008-09-30,UBSG.SW,11.943703651428224,False,False
2008-09-30,ULVR.L,1513.0098876953125,False,False
2008-09-30,UNH,20.03712654113769,False,False
2008-09-30,XOM,42.09382247924805,False,False
2008-12-31,6501.T,258.2193603515625,False,False
2008-12-31,6758.T,335.8451538085937,False,False
2008-12-31,6861.T,3552.7294921875,False,False
2008-12-31,7203.T,376.5869140625,False,False
2008-12-31,7267.T,392.8761901855469,False,False
2008-12-31,9432.T,27.655332565307617,False,False
2008-12-31,9984.T,717.6624145507812,False,False
2008-12-31,AAPL,2.5622169971466064,False,False
2008-12-31,AIR.PA,9.662109375,False,False
2008-12-31,ALV.DE,33.339088439941406,False,False
2008-12-31,AMGN,39.93399810791016,True,True
2008-12-31,AMZN,2.563999891281128,False,False
2008-12-31,ASML.AS,13.947702407836914,False,False
2008-12-31,BAC,10.984789848327637,False,False
2008-12-31,BAS.DE,12.3021879196167,False,False
2008-12-31,BAYN.DE,25.500646591186523,False,False
2008-12-31,BMY,12.931802749633787,True,True
2008-12-31,BP.L,521.2671508789062,False,False
2008-12-31,CAT,28.79022026062012,False,False
2008-12-31,CSCO,10.667403221130373,False,False
2008-12-31,CVX,38.3931999206543,False,False
2008-12-31,DBK.DE,16.16643714904785,False,False
2008-12-31,FME.DE,24.771583557128903,True,True
2008-12-31,GE,53.61500930786133,False,False
2008-12-31,GOOGL,7.653050899505615,False,False
2008-12-31,GS,63.56930923461914,False,False
2008-12-31,HSBA.L,572.1668090820312,False,False
2008-12-31,IBM,45.65356063842773,False,False
2008-12-31,IFX.DE,0.7066570520401001,False,False
2008-12-31,INTU,21.03604507446289,True,True
2008-12-31,JNJ,36.67021560668945,True,True
2008-12-31,JPM,20.739389419555664,True,False
2008-12-31,KO,13.56893825531006,False,False
2008-12-31,LLY,25.06636047363281,False,False
2008-12-31,MMM,29.06667900085449,False,False
2008-12-31,MRK,16.359214782714844,False,False
2008-12-31,MS,11.186239242553713,False,False
2008-12-31,MSFT,14.245247840881348,False,False
2008-12-31,NOVN.SW,21.45431327819824,True,True
2008-12-31,NVDA,0.1849920898675918,False,False
2008-12-31,OR.PA,46.12311935424805,False,False
2008-12-31,ORCL,14.237970352172852,False,False
2008-12-31,PEP,33.52670669555664,False,False
2008-12-31,PFE,8.454282760620117,False,False
2008-12-31,PG,37.92864990234375,True,True
2008-12-31,ROG.SW,90.656982421875,False,False
2008-12-31,SAP.DE,19.49428939819336,False,False
2008-12-31,SIE.DE,25.271541595458984,False,False
2008-12-31,UBSG.SW,9.601548194885254,False,False
2008-12-31,ULVR.L,1569.8858642578125,False,False
2008-12-31,UNH,20.992027282714844,False,False
2008-12-31,XOM,43.518829345703125,False,False
2009-03-31,6501.T,201.2706756591797,False,False
2009-03-31,6758.T,351.24102783203125,False,False
2009-03-31,6861.T,3979.092041015625,False,False
2009-03-31,7203.T,408.9309387207031,False,False
2009-03-31,7267.T,478.8222961425781,False,False
2009-03-31,9432.T,22.358461380004883,False,False
2009-03-31,9984.T,563.3585205078125,False,False
2009-03-31,AAPL,3.155714750289917,False,False
2009-03-31,AIR.PA,7.035751819610596,False,False
2009-03-31,ALV.DE,28.12041282653809,False,False
2009-03-31,AMGN,34.24296951293945,True,True
2009-03-31,AMZN,3.671999931335449,False,False
2009-03-31,ASML.AS,14.831191062927246,False,False
2009-03-31,BAC,5.335376262664795,False,False
2009-03-31,BAS.DE,10.110593795776367,False,False
2009-03-31,BAYN.DE,22.094423294067383,False,False
2009-03-31,BMY,12.192049980163574,True,True
2009-03-31,BP.L,467.350830078125,False,False
2009-03-31,CAT,18.21488571166992,False,False
2009-03-31,CSCO,10.974989891052246,False,False
2009-03-31,CVX,35.221336364746094,False,False
2009-03-31,DBK.DE,17.60125732421875,False,False
2009-03-31,FME.DE,21.75973320007324,False,False
2009-03-31,GE,34.44290542602539,False,False
2009-03-31,GOOGL,8.658283233642578,False,False
2009-03-31,GS,80.29876708984375,False,False
2009-03-31,HSBA.L,391.82421875,False,False
2009-03-31,IBM,52.84501266479492,False,False
2009-03-31,IFX.DE,0.6404076814651489,False,False
2009-03-31,INTU,23.87445640563965,False,False
2009-03-31,JNJ,32.506248474121094,False,False
2009-03-31,JPM,17.696731567382812,False,False
2009-03-31,KO,13.312674522399902,False,False
2009-03-31,LLY,21.07586097717285,False,False
2009-03-31,MMM,25.389413833618164,False,False
2009-03-31,MRK,14.636326789855955,False,False
2009-03-31,MS,16.0993595123291,False,False
2009-03-31,MSFT,13.553471565246582,False,False
2009-03-31,NOVN.SW,18.50591278076172,False,False
2009-03-31,NVDA,0.2260250300168991,False,False
2009-03-31,OR.PA,38.34954833984375,False,False
2009-03-31,ORCL,14.511006355285645,False,False
2009-03-31,PEP,31.79153251647949,False,False
2009-03-31,PFE,6.641650199890137,False,False
2009-03-31,PG,29.09394836425781,False,False
2009-03-31,ROG.SW,90.1368637084961,False,False
2009-03-31,SAP.DE,20.60648727416992,False,False
2009-03-31,SIE.DE,21.512800216674805,False,False
2009-03-31,UBSG.SW,6.922947406768799,False,False
2009-03-31,ULVR.L,1310.392333984375,False,False
2009-03-31,UNH,16.541561126708984,False,False
2009-03-31,XOM,37.31135177612305,False,False
2009-06-30,6501.T,227.75363159179688,False,False
2009-06-30,6758.T,443.8857116699219,False,False
2009-06-30,6861.T,4237.19580078125,True,True
2009-06-30,7203.T,481.0181274414063,False,False
2009-06-30,7267.T,551.9014892578125,True,False
2009-06-30,9432.T,23.497373580932617,False,False
2009-06-30,9984.T,844.1407470703125,True,True
2009-06-30,AAPL,4.275764465332031,True,True
2009-06-30,AIR.PA,9.401214599609377,False,False
2009-06-30,ALV.DE,30.70754814147949,False,False
2009-06-30,AMGN,36.60787963867188,False,False
2009-06-30,AMZN,4.183000087738037,True,True
2009-06-30,ASML.AS,17.1197509765625,True,True
2009-06-30,BAC,10.33559513092041,False,False
2009-06-30,BAS.DE,13.489047050476074,False,False
2009-06-30,BAYN.DE,24.34735870361328,False,False
2009-06-30,BMY,11.458608627319336,False,False
2009-06-30,BP.L,473.683349609375,False,False
2009-06-30,CAT,21.801633834838867,False,False
2009-06-30,CSCO,12.20533561706543,False,False
2009-06-30,CVX,35.0384407043457,False,False
2009-06-30,DBK.DE,25.35569190979004,False,False
2009-06-30,FME.DE,24.19202041625977,False,False
2009-06-30,GE,40.25651550292969,False,False
2009-06-30,GOOGL,10.48740291595459,True,True
2009-06-30,GS,111.95712280273438,True,True
2009-06-30,HSBA.L,498.5019226074219,False,False
2009-06-30,IBM,57.24945068359375,True,False
2009-06-30,IFX.DE,1.8954602479934688,False,False
2009-06-30,INTU,24.926700592041016,False,False
2009-06-30,JNJ,35.412384033203125,False,False
2009-06-30,JPM,22.750566482543945,False,False
2009-06-30,KO,14.660574913024902,False,False
2009-06-30,LLY,22.154157638549805,False,False
2009-06-30,MMM,30.95754623413086,False,False
2009-06-30,MRK,15.512029647827148,False,False
2009-06-30,MS,20.22151756286621,True,True
2009-06-30,MSFT,17.64900016784668,False,False
2009-06-30,NOVN.SW,18.91830444335937,False,False
2009-06-30,NVDA,0.2588055729866028,True,True
2009-06-30,OR.PA,40.57024002075195,False,False
2009-06-30,ORCL,17.245906829833984,True,True
2009-06-30,PEP,34.21871566772461,False,False
2009-06-30,PFE,7.397478103637695,False,False
2009-06-30,PG,31.844213485717773,False,False
2009-06-30,ROG.SW,85.23185729980469,False,False
2009-06-30,SAP.DE,22.507858276367188,False,False
2009-06-30,SIE.DE,24.588911056518555,False,False
2009-06-30,UBSG.SW,8.598689079284668,False,False
2009-06-30,ULVR.L,1416.156494140625,False,False
2009-06-30,UNH,19.742403030395508,False,False
2009-06-30,XOM,38.53163146972656,False,False
2009-09-30,6501.T,208.83726501464844,False,False
2009-09-30,6758.T,468.9344787597656,True,True
2009-09-30,6861.T,4131.99755859375,False,False
2009-09-30,7203.T,470.3806457519531,True,True
2009-09-30,7267.T,575.2879028320312,True,True
2009-09-30,9432.T,25.288848876953125,False,False
2009-09-30,9984.T,884.9573364257812,True,True
2009-09-30,AAPL,5.564229965209961,True,True
2009-09-30,AIR.PA,12.533592224121094,True,True
2009-09-30,ALV.DE,39.94367980957031,True,True
2009-09-30,AMGN,41.64891052246094,True,True
2009-09-30,AMZN,4.668000221252441,True,True
2009-09-30,ASML.AS,22.33010673522949,True,True
2009-09-30,BAC,13.256403923034668,True,True
2009-09-30,BAS.DE,17.241029739379883,True,True
2009-09-30,BAYN.DE,30.16346740722656,True,True
2009-09-30,BMY,13.079607009887695,False,True
2009-09-30,BP.L,548.3262329101562,True,True
2009-09-30,CAT,34.296051025390625,True,True
2009-09-30,CSCO,15.405559539794922,True,True
2009-09-30,CVX,37.621917724609375,False,False
2009-09-30,DBK.DE,30.785497665405277,True,True
2009-09-30,FME.DE,25.81544303894043,True,True
2009-09-30,GE,56.73405456542969,True,True
2009-09-30,GOOGL,12.334683418273926,True,True
2009-09-30,GS,140.286865234375,True,True
2009-09-30,HSBA.L,710.3577270507812,True,True
2009-09-30,IBM,65.88340759277344,True,True
2009-09-30,IFX.DE,3.1827938556671143,True,True
2009-09-30,INTU,25.2008113861084,False,False
2009-09-30,JNJ,38.26999282836914,True,True
2009-09-30,JPM,29.269798278808597,True,True
2009-09-30,KO,16.53900146484375,True,True
2009-09-30,LLY,21.43643951416016,False,False
2009-09-30,MMM,38.2920150756836,True,True
2009-09-30,MRK,17.760417938232422,True,True
2009-09-30,MS,21.942493438720703,True,True
2009-09-30,MSFT,19.2042236328125,True,True
2009-09-30,NOVN.SW,22.272825241088867,True,True
2009-09-30,NVDA,0.3445391356945038,True,True
2009-09-30,OR.PA,51.74562454223633,True,True
2009-09-30,ORCL,16.819976806640625,True,True
2009-09-30,PEP,36.81689834594727,True,True
2009-09-30,PFE,8.243964195251465,True,True
2009-09-30,PG,36.382755279541016,True,True
2009-09-30,ROG.SW,96.65764617919922,True,True
2009-09-30,SAP.DE,26.127010345458984,True,True
2009-09-30,SIE.DE,31.65146827697754,True,True
2009-09-30,UBSG.SW,12.273676872253418,True,True
2009-09-30,ULVR.L,1768.20703125,True,True
2009-09-30,UNH,19.789819717407227,True,True
2009-09-30,XOM,38.04609298706055,False,False
2009-12-31,6501.T,214.89051818847656,False,False
2009-12-31,6758.T,471.583984375,True,True
2009-12-31,6861.T,4136.3056640625,False,False
2009-12-31,7203.T,511.2261352539063,True,True
2009-12-31,7267.T,649.1629028320312,True,True
2009-12-31,9432.T,22.18853759765625,False,False
2009-12-31,9984.T,973.3184204101562,True,True
2009-12-31,AAPL,6.326139450073242,True,True
2009-12-31,AIR.PA,11.504441261291504,True,True
2009-12-31,ALV.DE,40.77652359008789,True,True
2009-12-31,AMGN,39.11802291870117,True,True
2009-12-31,AMZN,6.72599983215332,True,True
2009-12-31,ASML.AS,26.662811279296875,True,True
2009-12-31,BAC,11.806567192077637,True,True
2009-12-31,BAS.DE,20.69304084777832,True,True
2009-12-31,BAYN.DE,35.648311614990234,True,True
2009-12-31,BMY,14.84900188446045,True,True
2009-12-31,BP.L,595.0145874023438,True,True
2009-12-31,CAT,38.35359954833984,True,True
2009-12-31,CSCO,15.66732692718506,True,True
2009-12-31,CVX,41.48808288574219,True,True
2009-12-31,DBK.DE,29.00980758666992,True,True
2009-12-31,FME.DE,28.022994995117188,True,True
2009-12-31,GE,52.61677932739258,True,True
2009-12-31,GOOGL,15.422520637512209,True,True
2009-12-31,GS,128.758544921875,True,True
2009-12-31,HSBA.L,703.261474609375,True,True
2009-12-31,IBM,72.42575073242188,True,True
2009-12-31,IFX.DE,3.203434467315674,True,True
2009-12-31,INTU,27.17267417907715,True,True
2009-12-31,JNJ,40.80259323120117,True,True
2009-12-31,JPM,27.86738967895508,True,True
2009-12-31,KO,17.680112838745117,True,True
2009-12-31,LLY,23.50181007385254,True,True
2009-12-31,MMM,43.17382049560547,True,True
2009-12-31,MRK,20.72723197937012,True,True
2009-12-31,MS,21.063840866088867,True,True
2009-12-31,MSFT,22.85896110534668,True,True
2009-12-31,NOVN.SW,24.44258499145508,True,True
2009-12-31,NVDA,0.4282096922397613,True,True
2009-12-31,OR.PA,59.39896774291992,True,True
2009-12-31,ORCL,19.845888137817383,True,True
2009-12-31,PEP,38.43081665039063,True,True
2009-12-31,PFE,9.147541999816896,True,True
2009-12-31,PG,38.37553024291992,True,True
2009-12-31,ROG.SW,102.65908813476562,True,True
2009-12-31,SAP.DE,25.907196044921875,True,True
2009-12-31,SIE.DE,32.11664962768555,True,True
2009-12-31,UBSG.SW,10.55911636352539,True,True
2009-12-31,ULVR.L,1983.2786865234373,True,True
2009-12-31,UNH,24.08920288085937,True,True
2009-12-31,XOM,38.03327941894531,True,True
2010-03-31,6501.T,264.0731506347656,True,True
2010-03-31,6758.T,634.5486450195312,True,True
2010-03-31,6861.T,4819.09619140625,True,True
2010-03-31,7203.T,496.74127197265625,True,True
2010-03-31,7267.T,691.36328125,True,True
2010-03-31,9432.T,24.325218200683597,False,False
2010-03-31,9984.T,1035.2957763671875,True,True
2010-03-31,AAPL,7.05472469329834,True,True
2010-03-31,AIR.PA,12.166038513183594,True,True
2010-03-31,ALV.DE,43.43413543701172,True,True
2010-03-31,AMGN,41.37921905517578,True,True
2010-03-31,AMZN,6.78849983215332,True,True
2010-03-31,ASML.AS,29.585041046142575,True,True
2010-03-31,BAC,14.002346992492676,True,True
2010-03-31,BAS.DE,21.86434555053711,True,True
2010-03-31,BAYN.DE,31.902565002441406,True,True
2010-03-31,BMY,15.89004611968994,True,True
2010-03-31,BP.L,618.3116455078125,True,True
2010-03-31,CAT,42.58588790893555,True,True
2010-03-31,CSCO,17.035118103027344,True,True
2010-03-31,CVX,41.25407028198242,True,True
2010-03-31,DBK.DE,33.47691345214844,True,True
2010-03-31,FME.DE,31.69086265563965,True,True
2010-03-31,GE,63.68821716308594,True,True
2010-03-31,GOOGL,14.107583999633787,True,True
2010-03-31,GS,130.41537475585938,True,True
2010-03-31,HSBA.L,662.8428344726562,True,True
2010-03-31,IBM,71.27688598632812,True,True
2010-03-31,IFX.DE,4.242898464202881,True,True
2010-03-31,INTU,30.34709358215332,True,True
2010-03-31,JNJ,41.61907196044922,True,True
2010-03-31,JPM,29.9631404876709,True,True
2010-03-31,KO,17.199384689331055,True,True
2010-03-31,LLY,24.17396354675293,True,True
2010-03-31,MMM,43.930458068847656,True,True
2010-03-31,MRK,21.40855407714844,True,True
2010-03-31,MS,20.88143920898437,False,True
2010-03-31,MSFT,22.0692195892334,True,True
2010-03-31,NOVN.SW,25.52596664428711,True,True
2010-03-31,NVDA,0.3988677263259887,True,True
2010-03-31,OR.PA,59.2923469543457,True,True
2010-03-31,ORCL,20.84258079528809,True,True
2010-03-31,PEP,42.115848541259766,True,True
2010-03-31,PFE,8.705987930297852,True,True
2010-03-31,PG,40.33404541015625,True,True
2010-03-31,ROG.SW,101.97209167480467,True,True
2010-03-31,SAP.DE,28.152490615844727,True,True
2010-03-31,SIE.DE,38.524295806884766,True,True
2010-03-31,UBSG.SW,11.0896577835083,True,True
2010-03-31,ULVR.L,1924.7740478515625,True,True
2010-03-31,UNH,25.820024490356445,True,True
2010-03-31,XOM,37.60211563110352,False,False
2010-06-30,6501.T,245.15673828125,True,True
2010-06-30,6758.T,422.3824157714844,True,True
2010-06-30,6861.T,4458.85009765625,True,True
2010-06-30,7203.T,408.5348510742188,False,False
2010-06-30,7267.T,546.5321044921875,False,False
2010-06-30,9432.T,22.47304916381836,False,False
2010-06-30,9984.T,1065.8643798828125,True,True
2010-06-30,AAPL,7.550959587097168,True,True
2010-06-30,AIR.PA,13.779191970825195,True,True
2010-06-30,ALV.DE,40.2542724609375,True,True
2010-06-30,AMGN,36.37276840209961,False,False
2010-06-30,AMZN,5.4629998207092285,False,False
2010-06-30,ASML.AS,25.56545639038086,True,True
2010-06-30,BAC,11.279781341552734,True,True
2010-06-30,BAS.DE,22.304311752319336,True,True
2010-06-30,BAYN.DE,30.182418823242188,False,False
2010-06-30,BMY,15.032829284667969,True,True
2010-06-30,BP.L,316.29693603515625,False,False
2010-06-30,CAT,40.95611572265625,True,True
2010-06-30,CSCO,13.94615364074707,False,False
2010-06-30,CVX,37.26284408569336,False,False
2010-06-30,DBK.DE,27.83602333068848,True,False
2010-06-30,FME.DE,34.16622543334961,True,True
2010-06-30,GE,50.78106689453125,True,True
2010-06-30,GOOGL,11.06850242614746,False,False
2010-06-30,GS,100.5827865600586,False,False
2010-06-30,HSBA.L,610.5003662109375,False,False
2010-06-30,IBM,68.97767639160156,True,True
2010-06-30,IFX.DE,3.977872610092163,True,True
2010-06-30,INTU,30.744997024536133,True,True
2010-06-30,JNJ,38.04408264160156,True,True
2010-06-30,JPM,24.54027366638184,False,False
2010-06-30,KO,15.80592155456543,False,False
2010-06-30,LLY,22.67348861694336,True,True
2010-06-30,MMM,41.78396224975586,True,True
2010-06-30,MRK,20.266626358032227,True,True
2010-06-30,MS,16.57457160949707,False,False
2010-06-30,MSFT,17.415639877319336,False,False
2010-06-30,NOVN.SW,23.57577133178711,True,True
2010-06-30,NVDA,0.2340482026338577,False,False
2010-06-30,OR.PA,62.83905792236328,True,True
2010-06-30,ORCL,17.430540084838867,False,False
2010-06-30,PEP,39.09833526611328,True,True
2010-06-30,PFE,7.315205097198486,False,False
2010-06-30,PG,38.5309944152832,True,True
2010-06-30,ROG.SW,88.91250610351562,False,False
2010-06-30,SAP.DE,29.20267677307129,True,True
2010-06-30,SIE.DE,38.45674896240234,True,True
2010-06-30,UBSG.SW,9.355685234069824,False,False
2010-06-30,ULVR.L,1791.6510009765625,False,False
2010-06-30,UNH,22.560237884521484,True,True
2010-06-30,XOM,32.25629806518555,False,False
2010-09-30,6501.T,278.4130554199219,False,False
2010-09-30,6758.T,459.6690368652344,False,False
2010-09-30,6861.T,3923.77685546875,False,False
2010-09-30,7203.T,400.2446594238281,False,False
2010-09-30,7267.T,626.0471801757812,False,False
2010-09-30,9432.T,22.86064720153809,False,False
2010-09-30,9984.T,1227.6998291015625,True,True
2010-09-30,AAPL,8.518209457397461,True,True
2010-09-30,AIR.PA,14.94311237335205,True,True
2010-09-30,ALV.DE,40.77067565917969,False,False
2010-09-30,AMGN,38.10845184326172,False,False
2010-09-30,AMZN,7.853000164031982,False,False
2010-09-30,ASML.AS,24.49766540527344,False,False
2010-09-30,BAC,10.291152954101562,False,False
2010-09-30,BAS.DE,22.870445251464844,False,False
2010-09-30,BAYN.DE,33.5615348815918,False,False
2010-09-30,BMY,16.53020477294922,True,True
2010-09-30,BP.L,424.3080139160156,False,False
2010-09-30,CAT,54.00179672241211,True,True
2010-09-30,CSCO,14.33227252960205,False,False
2010-09-30,CVX,44.92184066772461,False,False
2010-09-30,DBK.DE,26.22410011291504,False,False
2010-09-30,FME.DE,34.921627044677734,True,True
2010-09-30,GE,57.64892959594727,False,False
2010-09-30,GOOGL,13.079466819763184,False,False
2010-09-30,GS,111.05940246582033,False,False
2010-09-30,HSBA.L,640.12109375,False,False
2010-09-30,IBM,75.30376434326172,False,False
2010-09-30,IFX.DE,4.195013046264648,False,False
2010-09-30,INTU,38.7385139465332,True,True
2010-09-30,JNJ,40.28853225708008,False,False
2010-09-30,JPM,25.54711151123047,False,False
2010-09-30,KO,18.594762802124023,False,False
2010-09-30,LLY,25.04922103881836,False,False
2010-09-30,MMM,46.15584564208984,True,True
2010-09-30,MRK,21.55648422241211,False,False
2010-09-30,MS,17.657026290893555,False,False
2010-09-30,MSFT,18.63468742370605,False,False
2010-09-30,NOVN.SW,25.25658416748047,False,False
2010-09-30,NVDA,0.2677456438541412,False,False
2010-09-30,OR.PA,64.01094055175781,False,False
2010-09-30,ORCL,21.85524177551269,False,False
2010-09-30,PEP,42.941219329833984,True,True
2010-09-30,PFE,8.906107902526855,False,False
2010-09-30,PG,38.82606506347656,False,False
2010-09-30,ROG.SW,80.0272216796875,False,False
2010-09-30,SAP.DE,28.888206481933597,False,False
2010-09-30,SIE.DE,40.228397369384766,True,True
2010-09-30,UBSG.SW,10.792035102844238,False,False
2010-09-30,ULVR.L,1831.62548828125,False,False
2010-09-30,UNH,27.99333953857422,True,True
2010-09-30,XOM,35.173954010009766,False,False
2010-12-31,6501.T,330.2817687988281,True,True
2010-12-31,6758.T,521.2905883789062,False,False
2010-12-31,6861.T,5081.89453125,False,False
2010-12-31,7203.T,429.882568359375,False,False
2010-12-31,7267.T,682.3984985351562,True,True
2010-12-31,9432.T,23.04880142211914,False,False
2010-12-31,9984.T,1263.6630859375,True,True
2010-12-31,AAPL,9.683289527893066,True,True
2010-12-31,AIR.PA,14.510214805603027,True,True
2010-12-31,ALV.DE,43.73626708984375,True,True
2010-12-31,AMGN,37.96323776245117,False,False
2010-12-31,AMZN,9.0,True,True
2010-12-31,ASML.AS,32.43061828613281,True,True
2010-12-31,BAC,10.48926830291748,False,False
2010-12-31,BAS.DE,29.518230438232425,True,True
2010-12-31,BAYN.DE,36.28451156616211,True,True
2010-12-31,BMY,16.146066665649414,True,True
2010-12-31,BP.L,461.7498168945313,False,False
2010-12-31,CAT,64.63737487792969,True,True
2010-12-31,CSCO,13.239356994628906,False,False
2010-12-31,CVX,51.00797271728516,True,True
2010-12-31,DBK.DE,25.541467666625977,False,False
2010-12-31,FME.DE,33.32218933105469,True,True
2010-12-31,GE,65.3975601196289,True,True
2010-12-31,GOOGL,14.775500297546388,True,True
2010-12-31,GS,129.4569091796875,True,True
2010-12-31,HSBA.L,646.2246704101562,False,False
2010-12-31,IBM,82.75456237792969,True,True
2010-12-31,IFX.DE,5.748843669891357,True,True
2010-12-31,INTU,43.59298324584961,True,True
2010-12-31,JNJ,40.5630989074707,False,False
2010-12-31,JPM,28.51044273376465,False,False
2010-12-31,KO,21.04288482666016,True,True
2010-12-31,LLY,24.36121940612793,False,False
2010-12-31,MMM,46.22566986083984,True,True
2010-12-31,MRK,21.330781936645508,False,False
2010-12-31,MS,19.50739288330078,False,False
2010-12-31,MSFT,21.367490768432617,True,True
2010-12-31,NOVN.SW,24.62953186035156,False,False
2010-12-31,NVDA,0.3530208170413971,False,False
2010-12-31,OR.PA,65.42340087890625,False,False
2010-12-31,ORCL,25.524282455444336,True,True
2010-12-31,PEP,42.53974533081055,True,True
2010-12-31,PFE,9.176369667053224,True,True
2010-12-31,PG,41.969017028808594,True,True
2010-12-31,ROG.SW,81.69694519042969,False,False
2010-12-31,SAP.DE,30.33320426940918,False,False
2010-12-31,SIE.DE,48.16185760498047,True,True
2010-12-31,UBSG.SW,9.931520462036133,False,False
2010-12-31,ULVR.L,1953.1922607421875,True,True
2010-12-31,UNH,28.885547637939453,True,True
2010-12-31,XOM,41.885650634765625,True,True
2011-03-31,6501.T,332.7403869628906,True,True
2011-03-31,6758.T,476.7430419921875,True,True
2011-03-31,6861.T,4607.548828125,True,True
2011-03-31,7203.T,451.3475341796875,True,True
2011-03-31,7267.T,666.5849609375,True,True
2011-03-31,9432.T,23.807037353515625,True,True
2011-03-31,9984.T,1494.9188232421875,True,True
2011-03-31,AAPL,10.46231174468994,True,True
2011-03-31,AIR.PA,16.77680015563965,True,True
2011-03-31,ALV.DE,48.7034912109375,True,True
2011-03-31,AMGN,36.96055221557617,True,True
2011-03-31,AMZN,9.006500244140625,True,True
2011-03-31,ASML.AS,34.773048400878906,True,True
2011-03-31,BAC,10.488936424255373,False,False
2011-03-31,BAS.DE,30.17583656311035,True,True
2011-03-31,BAYN.DE,35.851463317871094,True,True
2011-03-31,BMY,16.521934509277344,True,True
2011-03-31,BP.L,450.33447265625,True,True
2011-03-31,CAT,77.20707702636719,True,True
2011-03-31,CSCO,11.26298713684082,False,False
2011-03-31,CVX,60.53790664672852,True,True
2011-03-31,DBK.DE,27.09943580627441,False,False
2011-03-31,FME.DE,36.528770446777344,True,True
2011-03-31,GE,72.18675994873047,True,True
2011-03-31,GOOGL,14.596145629882812,True,True
2011-03-31,GS,122.35657501220705,True,True
2011-03-31,HSBA.L,636.2719116210938,True,True
2011-03-31,IBM,92.31542205810548,True,True
2011-03-31,IFX.DE,6.048684120178223,True,True
2011-03-31,INTU,46.96192932128906,True,True
2011-03-31,JNJ,39.20935821533203,True,True
2011-03-31,JPM,31.01934242248535,True,True
2011-03-31,KO,21.379152297973636,True,True
2011-03-31,LLY,24.792654037475582,False,False
2011-03-31,MMM,50.38347244262695,True,True
2011-03-31,MRK,19.76573371887207,False,False
2011-03-31,MS,19.620073318481445,True,True
2011-03-31,MSFT,19.553102493286133,False,False
2011-03-31,NOVN.SW,23.475982666015625,False,False
2011-03-31,NVDA,0.4231665134429931,True,True
2011-03-31,OR.PA,63.79364013671875,False,False
2011-03-31,ORCL,27.30502319335937,True,True
2011-03-31,PEP,42.26161193847656,True,True
2011-03-31,PFE,10.755671501159668,True,True
2011-03-31,PG,40.485877990722656,True,True
2011-03-31,ROG.SW,82.16802215576172,False,False
2011-03-31,SAP.DE,34.393558502197266,True,True
2011-03-31,SIE.DE,51.96089553833008,True,True
2011-03-31,UBSG.SW,10.66263484954834,True,True
2011-03-31,ULVR.L,1890.688720703125,True,True
2011-03-31,UNH,36.2609748840332,True,True
2011-03-31,XOM,48.4465446472168,True,True
2011-06-30,6501.T,363.4784851074219,True,True
2011-06-30,6758.T,378.8533325195313,False,False
2011-06-30,6861.T,4921.35546875,False,False
2011-06-30,7203.T,444.6109619140625,True,True
2011-06-30,7267.T,661.3374633789062,True,True
2011-06-30,9432.T,24.63566017150879,True,True
2011-06-30,9984.T,1364.338623046875,True,True
2011-06-30,AAPL,10.076851844787598,True,True
2011-06-30,AIR.PA,19.03445816040039,True,True
2011-06-30,ALV.DE,49.50327682495117,True,True
2011-06-30,AMGN,40.3488883972168,True,True
2011-06-30,AMZN,10.224499702453612,True,True
2011-06-30,ASML.AS,28.749008178710938,True,True
2011-06-30,BAC,8.63140869140625,False,False
2011-06-30,BAS.DE,34.51960754394531,True,True
2011-06-30,BAYN.DE,37.319580078125,True,True
2011-06-30,BMY,18.3148136138916,True,True
2011-06-30,BP.L,454.9896545410156,False,False
2011-06-30,CAT,74.12388610839844,True,True
2011-06-30,CSCO,10.25162124633789,False,False
2011-06-30,CVX,58.36690521240234,True,True
2011-06-30,DBK.DE,27.11593437194824,True,True
2011-06-30,FME.DE,40.25471115112305,True,True
2011-06-30,GE,68.46070861816406,True,True
2011-06-30,GOOGL,12.596625328063965,False,False
2011-06-30,GS,102.9405517578125,False,False
2011-06-30,HSBA.L,613.8927612304688,False,False
2011-06-30,IBM,97.5503158569336,True,True
2011-06-30,IFX.DE,6.480912685394287,True,True
2011-06-30,INTU,45.85663986206055,True,True
2011-06-30,JNJ,44.40216827392578,True,True
2011-06-30,JPM,27.696718215942383,True,True
2011-06-30,KO,21.84230232238769,True,True
2011-06-30,LLY,26.795412063598636,True,True
2011-06-30,MMM,51.41221237182617,True,True
2011-06-30,MRK,21.35990524291992,False,False
2011-06-30,MS,16.556840896606445,False,False
2011-06-30,MSFT,20.15411758422852,False,False
2011-06-30,NOVN.SW,24.267627716064453,False,False
2011-06-30,NVDA,0.365399420261383,True,True
2011-06-30,OR.PA,70.97798156738281,True,True
2011-06-30,ORCL,26.92847442626953,True,True
2011-06-30,PEP,46.548606872558594,True,True
2011-06-30,PFE,11.014849662780762,True,True
2011-06-30,PG,42.12714385986328,True,True
2011-06-30,ROG.SW,88.11767578125,True,True
2011-06-30,SAP.DE,33.708351135253906,True,True
2011-06-30,SIE.DE,50.880958557128906,True,True
2011-06-30,UBSG.SW,9.918580055236816,False,False
2011-06-30,ULVR.L,1996.36865234375,True,True
2011-06-30,UNH,41.51624298095703,True,True
2011-06-30,XOM,47.128719329833984,True,True
2011-09-30,6501.T,301.3009033203125,True,False
2011-09-30,6758.T,271.9941711425781,False,False
2011-09-30,6861.T,4638.587890625,False,False
2011-09-30,7203.T,364.89935302734375,False,False
2011-09-30,7267.T,496.0467529296875,False,False
2011-09-30,9432.T,24.23113441467285,True,True
2011-09-30,9984.T,1032.0343017578125,False,False
2011-09-30,AAPL,11.447270393371582,True,True
2011-09-30,AIR.PA,17.488117218017578,True,True
2011-09-30,ALV.DE,36.4144287109375,False,False
2011-09-30,AMGN,38.21206283569336,True,True
2011-09-30,AMZN,10.81149959564209,True,True
2011-09-30,ASML.AS,29.5186710357666,False,False
2011-09-30,BAC,4.825668811798096,False,False
2011-09-30,BAS.DE,23.54352760314941,False,False
2011-09-30,BAYN.DE,27.90217399597168,False,False
2011-09-30,BMY,19.84526252746582,True,True
2011-09-30,BP.L,385.4367980957031,False,False
2011-09-30,CAT,51.62902069091797,False,False
2011-09-30,CSCO,10.218035697937012,False,False
2011-09-30,CVX,52.970516204833984,False,False
2011-09-30,DBK.DE,17.513900756835938,False,False
2011-09-30,FME.DE,39.84083557128906,True,True
2011-09-30,GE,55.77760696411133,False,False
2011-09-30,GOOGL,12.812051773071287,False,False
2011-09-30,GS,73.3523941040039,False,False
2011-09-30,HSBA.L,493.3301086425781,False,False
2011-09-30,IBM,99.87122344970705,True,True
2011-09-30,IFX.DE,4.671741008758545,False,False
2011-09-30,INTU,41.94831466674805,False,False
2011-09-30,JNJ,42.89188003540039,True,True
2011-09-30,JPM,20.50196647644043,False,False
2011-09-30,KO,22.079513549804688,True,True
2011-09-30,LLY,26.775999069213867,True,True
2011-09-30,MMM,39.17518997192383,False,False
2011-09-30,MRK,20.03012466430664,True,True
2011-09-30,MS,9.741830825805664,False,False
2011-09-30,MSFT,19.41546630859375,False,False
2011-09-30,NOVN.SW,23.937301635742188,True,True
2011-09-30,NVDA,0.2867721319198608,False,False
2011-09-30,OR.PA,58.155029296875,False,False
2011-09-30,ORCL,23.558029174804688,False,False
2011-09-30,PEP,41.24012756347656,True,True
2011-09-30,PFE,9.558914184570312,True,True
2011-09-30,PG,42.21168518066406,True,True
2011-09-30,ROG.SW,92.12588500976562,True,True
2011-09-30,SAP.DE,30.93497657775879,False,False
2011-09-30,SIE.DE,36.59990310668945,False,False
2011-09-30,UBSG.SW,6.81942892074585,False,False
2011-09-30,ULVR.L,2011.501220703125,True,True
2011-09-30,UNH,37.2502326965332,True,True
2011-09-30,XOM,42.33920669555664,False,False
2011-12-31,6501.T,312.9191589355469,False,False
2011-12-31,6758.T,249.43328857421875,False,False
2011-12-31,6861.T,4022.99951171875,False,False
2011-12-31,7203.T,348.2019348144531,False,False
2011-12-31,7267.T,509.8879699707031,False,False
2011-12-31,9432.T,25.562868118286133,True,True
2011-12-31,9984.T,1020.7770385742188,False,False
2011-12-31,AAPL,12.158146858215332,True,True
2011-12-31,AIR.PA,19.91690444946289,True,True
2011-12-31,ALV.DE,37.98180389404297,False,False
2011-12-31,AMGN,44.8624267578125,True,True
2011-12-31,AMZN,8.654999732971191,False,False
2011-12-31,ASML.AS,36.75684356689453,True,True
2011-12-31,BAC,4.3927531242370605,False,False
2011-12-31,BAS.DE,27.5308837890625,False,False
2011-12-31,BAYN.DE,33.25374221801758,False,False
2011-12-31,BMY,22.513383865356445,True,True
2011-12-31,BP.L,456.91510009765625,False,False
2011-12-31,CAT,63.69831085205078,False,False
2011-12-31,CSCO,11.966109275817873,True,True
2011-12-31,CVX,61.3524284362793,False,False
2011-12-31,DBK.DE,19.58668708801269,False,False
2011-12-31,FME.DE,40.99655151367188,True,True
2011-12-31,GE,66.27268981933594,False,False
2011-12-31,GOOGL,16.067302703857422,True,True
2011-12-31,GS,70.42758178710938,False,False
2011-12-31,HSBA.L,487.5820007324219,False,False
2011-12-31,IBM,105.43914794921876,False,False
2011-12-31,IFX.DE,4.862355709075928,False,False
2011-12-31,INTU,46.651344299316406,False,False
2011-12-31,JNJ,44.57456970214844,True,True
2011-12-31,JPM,22.83171272277832,False,False
2011-12-31,KO,23.03325653076172,True,True
2011-12-31,LLY,30.49514579772949,True,True
2011-12-31,MMM,44.91447067260742,False,False
2011-12-31,MRK,23.370025634765625,True,True
2011-12-31,MS,10.942862510681152,False,False
2011-12-31,MSFT,20.40260887145996,False,False
2011-12-31,NOVN.SW,25.30430221557617,True,True
2011-12-31,NVDA,0.3177187740802765,False,False
2011-12-31,OR.PA,63.95625686645508,False,False
2011-12-31,ORCL,21.067216873168945,False,False
2011-12-31,PEP,44.565425872802734,False,False
2011-12-31,PFE,11.817704200744627,False,False
2011-12-31,PG,44.933502197265625,True,True
2011-12-31,ROG.SW,99.7038803100586,True,True
2011-12-31,SAP.DE,32.98169708251953,False,False
2011-12-31,SIE.DE,39.72690582275391,False,False
2011-12-31,UBSG.SW,7.23351240158081,False,False
2011-12-31,ULVR.L,2153.0302734375,True,True
2011-12-31,UNH,41.07208633422852,True,True
2011-12-31,XOM,49.70472717285156,False,False
2012-03-31,6501.T,415.2118225097656,True,True
2012-03-31,6758.T,309.7729797363281,False,False
2012-03-31,6861.T,4646.49951171875,False,False
2012-03-31,7203.T,488.7046203613281,True,True
2012-03-31,7267.T,686.1104736328125,True,True
2012-03-31,9432.T,24.84646224975586,True,True
2012-03-31,9984.T,1119.9049072265625,False,False
2012-03-31,AAPL,17.998565673828125,True,True
2012-03-31,AIR.PA,25.322925567626957,True,True
2012-03-31,ALV.DE,45.97797393798828,False,False
2012-03-31,AMGN,47.74464797973633,True,True
2012-03-31,AMZN,10.125499725341797,False,False
2012-03-31,ASML.AS,42.421756744384766,True,True
2012-03-31,BAC,7.570230484008789,False,False
2012-03-31,BAS.DE,33.508079528808594,True,True
2012-03-31,BAYN.DE,35.502071380615234,True,True
2012-03-31,BMY,21.77293586730957,True,True
2012-03-31,BP.L,458.996337890625,True,True
2012-03-31,CAT,75.2259750366211,True,True
2012-03-31,CSCO,14.044564247131348,True,True
2012-03-31,CVX,62.29329299926758,True,True
2012-03-31,DBK.DE,24.82355499267578,False,False
2012-03-31,FME.DE,41.49632263183594,True,True
2012-03-31,GE,74.9222640991211,True,True
2012-03-31,GOOGL,15.951380729675291,True,True
2012-03-31,GS,97.15289306640624,False,False
2012-03-31,HSBA.L,550.965576171875,False,False
2012-03-31,IBM,120.10845184326172,True,True
2012-03-31,IFX.DE,6.512245655059815,True,True
2012-03-31,INTU,53.51932144165039,True,True
2012-03-31,JNJ,45.22885513305664,True,True
2012-03-31,JPM,31.800281524658203,True,True
2012-03-31,KO,24.541582107543945,True,True
2012-03-31,LLY,29.92157745361328,False,False
2012-03-31,MMM,49.35602951049805,True,True
2012-03-31,MRK,24.06928825378418,True,True
2012-03-31,MS,14.243876457214355,False,False
2012-03-31,MSFT,25.52083969116211,True,True
2012-03-31,NOVN.SW,24.836593627929688,True,True
2012-03-31,NVDA,0.3530208170413971,True,True
2012-03-31,OR.PA,73.30006408691406,True,True
2012-03-31,ORCL,24.00357437133789,False,False
2012-03-31,PEP,44.93086242675781,False,False
2012-03-31,PFE,12.49774932861328,True,True
2012-03-31,PG,45.63185119628906,True,True
2012-03-31,ROG.SW,102.73877716064452,True,True
2012-03-31,SAP.DE,42.27470397949219,True,True
2012-03-31,SIE.DE,42.49940490722656,False,False
2012-03-31,UBSG.SW,8.184606552124023,False,False
2012-03-31,ULVR.L,2054.671142578125,True,True
2012-03-31,UNH,47.90620040893555,True,True
2012-03-31,XOM,51.13833236694336,True,True
2012-06-30,6501.T,380.8062744140625,True,True
2012-06-30,6758.T,204.15203857421875,False,False
2012-06-30,6861.T,4688.48876953125,True,True
2012-06-30,7203.T,436.6855773925781,True,True
2012-06-30,7267.T,604.1002807617188,True,True
2012-06-30,9432.T,24.4825382232666,False,False
2012-06-30,9984.T,1351.4832763671875,True,True
2012-06-30,AAPL,17.53174591064453,True,True
2012-06-30,AIR.PA,23.44605255126953,True,True
2012-06-30,ALV.DE,42.96422576904297,True,True
2012-06-30,AMGN,51.47650146484375,True,True
2012-06-30,AMZN,11.417499542236328,True,True
2012-06-30,ASML.AS,45.89168167114258,True,True
2012-06-30,BAC,6.479397296905518,True,True
2012-06-30,BAS.DE,29.05802154541016,True,True
2012-06-30,BAYN.DE,39.3892707824707,True,True
2012-06-30,BMY,23.427244186401367,True,True
2012-06-30,BP.L,418.76025390625,False,False
2012-06-30,CAT,60.21832275390625,True,True
2012-06-30,CSCO,11.44487476348877,True,True
2012-06-30,CVX,61.85142517089844,True,True
2012-06-30,DBK.DE,19.46649169921875,True,True
2012-06-30,FME.DE,44.1706657409668,True,True
2012-06-30,GE,78.67969512939453,True,True
2012-06-30,GOOGL,14.429725646972656,True,True
2012-06-30,GS,75.23993682861328,True,True
2012-06-30,HSBA.L,557.2792358398438,True,True
2012-06-30,IBM,113.0564422607422,True,True
2012-06-30,IFX.DE,4.529519081115723,False,False
2012-06-30,INTU,52.932430267333984,True,True
2012-06-30,JNJ,46.776981353759766,True,True
2012-06-30,JPM,24.873018264770508,True,True
2012-06-30,KO,26.10470390319824,True,True
2012-06-30,LLY,32.26177978515625,True,True
2012-06-30,MMM,49.91512680053711,True,True
2012-06-30,MRK,26.455078125,True,True
2012-06-30,MS,10.612333297729492,True,True
2012-06-30,MSFT,24.358497619628903,True,True
2012-06-30,NOVN.SW,26.298683166503903,True,True
2012-06-30,NVDA,0.3168017864227295,True,True
2012-06-30,OR.PA,74.7027587890625,True,True
2012-06-30,ORCL,24.497812271118164,True,True
2012-06-30,PEP,48.22372817993164,True,True
2012-06-30,PFE,12.816637992858888,True,True
2012-06-30,PG,41.937103271484375,False,False
2012-06-30,ROG.SW,106.9896011352539,True,True
2012-06-30,SAP.DE,38.18418884277344,True,True
2012-06-30,SIE.DE,37.186279296875,True,True
2012-06-30,UBSG.SW,7.212893962860107,True,True
2012-06-30,ULVR.L,2134.51318359375,True,True
2012-06-30,UNH,47.72432708740234,True,True
2012-06-30,XOM,50.80195236206055,True,True
2012-09-30,6501.T,343.1256103515625,False,False
2012-09-30,6758.T,169.2498321533203,False,False
2012-09-30,6861.T,4779.29541015625,False,False
2012-09-30,7203.T,420.1089477539063,True,True
2012-09-30,7267.T,530.6813354492188,False,False
2012-09-30,9432.T,25.14281463623047,False,False
2012-09-30,9984.T,1455.44580078125,True,True
2012-09-30,AAPL,20.11240577697754,True,True
2012-09-30,AIR.PA,20.697813034057617,False,False
2012-09-30,ALV.DE,50.28513717651367,True,True
2012-09-30,AMGN,59.77277755737305,True,True
2012-09-30,AMZN,12.715999603271484,True,True
2012-09-30,ASML.AS,47.63845443725586,True,True
2012-09-30,BAC,7.003018856048584,True,True
2012-09-30,BAS.DE,34.87493896484375,False,False
2012-09-30,BAYN.DE,46.36113357543945,True,True
2012-09-30,BMY,22.20298957824707,False,False
2012-09-30,BP.L,433.248291015625,False,False
2012-09-30,CAT,61.409576416015625,False,False
2012-09-30,CSCO,12.790935516357422,False,False
2012-09-30,CVX,68.88262176513672,True,True
2012-09-30,DBK.DE,20.999902725219727,False,False
2012-09-30,FME.DE,45.14379501342773,True,True
2012-09-30,GE,86.39453887939453,True,True
2012-09-30,GOOGL,18.768817901611328,True,True
2012-09-30,GS,89.618896484375,False,False
2012-09-30,HSBA.L,569.45166015625,True,True
2012-09-30,IBM,120.43001556396484,False,False
2012-09-30,IFX.DE,4.194818019866943,False,False
2012-09-30,INTU,52.64503860473633,False,False
2012-09-30,JNJ,48.14522933959961,True,True
2012-09-30,JPM,28.414634704589844,False,False
2012-09-30,KO,25.49896240234375,True,True
2012-09-30,LLY,36.05024719238281,True,True
2012-09-30,MMM,51.8140754699707,True,True
2012-09-30,MRK,28.84992408752441,True,True
2012-09-30,MS,12.223189353942873,False,False
2012-09-30,MSFT,23.85457420349121,False,False
2012-09-30,NOVN.SW,28.61038398742676,True,True
2012-09-30,NVDA,0.3057986795902252,False,False
2012-09-30,OR.PA,77.95844268798828,True,True
2012-09-30,ORCL,26.00324058532715,True,True
2012-09-30,PEP,48.659969329833984,True,True
2012-09-30,PFE,13.97544288635254,True,True
2012-09-30,PG,47.90187454223633,False,False
2012-09-30,ROG.SW,114.9026336669922,True,True
2012-09-30,SAP.DE,45.21067810058594,True,True
2012-09-30,SIE.DE,43.6351203918457,False,False
2012-09-30,UBSG.SW,7.47399377822876,False,False
2012-09-30,ULVR.L,2242.218505859375,True,True
2012-09-30,UNH,45.38658142089844,True,True
2012-09-30,XOM,54.64564895629883,True,True
2012-12-31,6501.T,398.4684753417969,False,False
2012-12-31,6758.T,176.43234252929688,False,False
2012-12-31,6861.T,5704.08984375,True,True
2012-12-31,7203.T,553.4658203125,True,True
2012-12-31,7267.T,700.6778564453125,False,False
2012-12-31,9432.T,24.53451538085937,True,True
2012-12-31,9984.T,1446.234130859375,True,True
2012-12-31,AAPL,16.117677688598633,False,False
2012-12-31,AIR.PA,24.667022705078125,False,False
2012-12-31,ALV.DE,56.91633605957031,True,True
2012-12-31,AMGN,61.38564682006836,True,True
2012-12-31,AMZN,12.543499946594238,True,True
2012-12-31,ASML.AS,42.33511734008789,False,False
2012-12-31,BAC,9.217121124267578,True,True
2012-12-31,BAS.DE,37.79667663574219,True,True
2012-12-31,BAYN.DE,49.871337890625,True,True
2012-12-31,BMY,21.656753540039062,False,False
2012-12-31,BP.L,421.6883544921875,False,False
2012-12-31,CAT,64.71449279785156,False,False
2012-12-31,CSCO,13.354836463928224,True,True
2012-12-31,CVX,64.45773315429688,True,True
2012-12-31,DBK.DE,22.505992889404297,False,False
2012-12-31,FME.DE,41.38576889038086,False,False
2012-12-31,GE,80.57997131347656,True,True
2012-12-31,GOOGL,17.596670150756836,True,True
2012-12-31,GS,100.9875259399414,True,True
2012-12-31,HSBA.L,642.616455078125,True,True
2012-12-31,IBM,111.68629455566406,False,False
2012-12-31,IFX.DE,5.206568241119385,False,False
2012-12-31,INTU,53.3299560546875,False,False
2012-12-31,JNJ,49.40975189208984,True,True
2012-12-31,JPM,31.09237098693848,True,True
2012-12-31,KO,24.536766052246094,False,False
2012-12-31,LLY,37.8869514465332,True,True
2012-12-31,MMM,52.40032577514648,True,True
2012-12-31,MRK,26.44002342224121,True,True
2012-12-31,MS,14.002103805541992,True,True
2012-12-31,MSFT,21.58572578430176,False,False
2012-12-31,NOVN.SW,28.5606632232666,True,True
2012-12-31,NVDA,0.2828543186187744,False,False
2012-12-31,OR.PA,84.87478637695312,True,True
2012-12-31,ORCL,27.749086380004883,True,True
2012-12-31,PEP,47.41553115844727,True,True
2012-12-31,PFE,14.23149299621582,True,True
2012-12-31,PG,47.27167510986328,True,True
2012-12-31,ROG.SW,120.3305892944336,True,True
2012-12-31,SAP.DE,49.7883415222168,True,True
2012-12-31,SIE.DE,46.215782165527344,True,True
2012-12-31,UBSG.SW,9.314752578735352,True,True
2012-12-31,ULVR.L,2355.922119140625,True,True
2012-12-31,UNH,44.6053466796875,False,False
2012-12-31,XOM,52.04148864746094,True,True
2013-03-31,6501.T,433.197998046875,True,True
2013-03-31,6758.T,304.6889953613281,True,True
2013-03-31,6861.T,6852.57958984375,True,True
2013-03-31,7203.T,679.9301147460938,True,True
2013-03-31,7267.T,796.1778564453125,True,True
2013-03-31,9432.T,28.284996032714844,True,True
2013-03-31,9984.T,2009.0439453125,True,True
2013-03-31,AAPL,13.484848022460938,False,False
2013-03-31,AIR.PA,33.314544677734375,True,True
2013-03-31,ALV.DE,57.5408821105957,True,True
2013-03-31,AMGN,73.3980484008789,True,True
2013-03-31,AMZN,13.32450008392334,False,False
2013-03-31,ASML.AS,46.2775764465332,False,False
2013-03-31,BAC,9.678337097167969,True,True
2013-03-31,BAS.DE,36.29331207275391,False,False
2013-03-31,BAYN.DE,55.82344436645508,True,True
2013-03-31,BMY,27.668781280517575,True,True
2013-03-31,BP.L,456.5908203125,False,False
2013-03-31,CAT,62.80790328979492,True,True
2013-03-31,CSCO,14.204373359680176,True,True
2013-03-31,CVX,71.37503814697266,True,True
2013-03-31,DBK.DE,20.77450180053711,True,True
2013-03-31,FME.DE,41.65475845336914,False,False
2013-03-31,GE,89.48323059082031,False,False
2013-03-31,GOOGL,19.756141662597656,True,True
2013-03-31,GS,116.8924789428711,True,True
2013-03-31,HSBA.L,697.9613037109375,True,True
2013-03-31,IBM,124.89151000976562,False,False
2013-03-31,IFX.DE,5.330395221710205,True,True
2013-03-31,INTU,59.03207778930664,True,True
2013-03-31,JNJ,57.925819396972656,True,True
2013-03-31,JPM,33.790794372558594,True,True
2013-03-31,KO,27.57101249694824,True,True
2013-03-31,LLY,44.02628326416016,True,True
2013-03-31,MMM,60.3670654296875,True,True
2013-03-31,MRK,28.820558547973636,False,False
2013-03-31,MS,16.13185691833496,True,True
2013-03-31,MSFT,23.312641143798828,False,False
2013-03-31,NOVN.SW,35.010677337646484,True,True
2013-03-31,NVDA,0.2978209853172302,False,False
2013-03-31,OR.PA,100.181396484375,True,True
2013-03-31,ORCL,26.92460823059082,False,False
2013-03-31,PEP,55.207786560058594,True,True
2013-03-31,PFE,16.519567489624023,True,True
2013-03-31,PG,54.091739654541016,True,True
2013-03-31,ROG.SW,149.57272338867188,True,True
2013-03-31,SAP.DE,51.273216247558594,True,True
2013-03-31,SIE.DE,49.26661682128906,True,True
2013-03-31,UBSG.SW,9.497522354125977,True,True
2013-03-31,ULVR.L,2772.359130859375,True,True
2013-03-31,UNH,47.23038864135742,False,False
2013-03-31,XOM,54.52822113037109,True,True
2013-06-30,6501.T,508.1898498535156,True,True
2013-06-30,6758.T,385.5929260253906,True,True
2013-06-30,6861.T,7575.4150390625,True,True
2013-06-30,7203.T,838.0205078125,True,True
2013-06-30,7267.T,830.0359497070312,True,True
2013-06-30,9432.T,35.41654968261719,True,True
2013-06-30,9984.T,2680.267578125,True,True
2013-06-30,AAPL,12.159540176391602,False,False
2013-06-30,AIR.PA,34.933719635009766,True,True
2013-06-30,ALV.DE,63.32323455810547,True,True
2013-06-30,AMGN,70.95340728759766,True,True
2013-06-30,AMZN,13.884499549865724,True,True
2013-06-30,ASML.AS,53.95829391479492,True,True
2013-06-30,BAC,10.226322174072266,True,True
2013-06-30,BAS.DE,37.81233596801758,False,False
2013-06-30,BAYN.DE,58.19873046875,True,True
2013-06-30,BMY,30.274084091186523,True,True
2013-06-30,BP.L,452.0299377441406,True,True
2013-06-30,CAT,59.95523834228516,False,False
2013-06-30,CSCO,16.67605209350586,True,True
2013-06-30,CVX,71.65998077392578,True,True
2013-06-30,DBK.DE,22.43107795715332,False,True
2013-06-30,FME.DE,43.76177597045898,False,False
2013-06-30,GE,90.470947265625,True,True
2013-06-30,GOOGL,21.899940490722656,True,True
2013-06-30,GS,120.52915954589844,True,True
2013-06-30,HSBA.L,677.6520385742188,True,True
2013-06-30,IBM,112.42325592041016,False,False
2013-06-30,IFX.DE,5.564032554626465,True,True
2013-06-30,INTU,55.02354049682617,True,True
2013-06-30,JNJ,61.46076965332031,True,True
2013-06-30,JPM,37.8206787109375,True,True
2013-06-30,KO,27.535064697265625,True,True
2013-06-30,LLY,38.41460800170898,False,False
2013-06-30,MMM,62.44730758666992,True,True
2013-06-30,MRK,30.56583595275879,True,True
2013-06-30,MS,17.97193145751953,True,True
2013-06-30,MSFT,28.342016220092773,True,True
2013-06-30,NOVN.SW,34.829002380371094,True,True
2013-06-30,NVDA,0.3275641500949859,True,True
2013-06-30,OR.PA,104.00548553466795,True,True
2013-06-30,ORCL,25.575462341308597,False,False
2013-06-30,PEP,57.478023529052734,True,True
2013-06-30,PFE,16.16667938232422,True,True
2013-06-30,PG,54.43965530395508,True,True
2013-06-30,ROG.SW,159.0479278564453,True,True
2013-06-30,SAP.DE,46.83555221557617,False,False
2013-06-30,SIE.DE,45.52603912353516,True,True
2013-06-30,UBSG.SW,10.590169906616213,True,True
2013-06-30,ULVR.L,2651.08740234375,True,True
2013-06-30,UNH,54.29594421386719,True,True
2013-06-30,XOM,55.05167388916016,True,True
2013-09-30,6501.T,520.132080078125,True,True
2013-09-30,6758.T,391.648681640625,True,True
2013-09-30,6861.T,8923.4013671875,True,True
2013-09-30,7203.T,886.0958251953125,True,True
2013-09-30,7267.T,845.7085571289062,True,True
2013-09-30,9432.T,35.5416259765625,True,True
2013-09-30,9984.T,3152.82275390625,True,True
2013-09-30,AAPL,14.716002464294434,False,False
2013-09-30,AIR.PA,40.06340408325195,True,True
2013-09-30,ALV.DE,65.5515365600586,True,True
2013-09-30,AMGN,80.84185791015625,True,True
2013-09-30,AMZN,15.631999969482422,True,True
2013-09-30,ASML.AS,64.97779846191406,True,True
2013-09-30,BAC,10.981523513793944,True,True
2013-09-30,BAS.DE,39.06301498413086,True,True
2013-09-30,BAYN.DE,61.91384506225586,True,True
2013-09-30,BMY,31.597944259643555,True,True
2013-09-30,BP.L,430.09124755859375,False,False
2013-09-30,CAT,61.03920364379883,False,False
2013-09-30,CSCO,16.165489196777344,True,True
2013-09-30,CVX,74.1812744140625,True,True
2013-09-30,DBK.DE,23.67627716064453,True,True
2013-09-30,FME.DE,38.5934944152832,False,False
2013-09-30,GE,93.9197006225586,True,True
2013-09-30,GOOGL,21.78899383544922,True,True
2013-09-30,GS,126.48825073242188,True,True
2013-09-30,HSBA.L,665.1907348632812,True,True
2013-09-30,IBM,109.47938537597656,False,False
2013-09-30,IFX.DE,6.399070262908936,True,True
2013-09-30,INTU,59.936988830566406,False,True
2013-09-30,JNJ,62.52243041992188,True,True
2013-09-30,JPM,37.30263900756836,True,True
2013-09-30,KO,26.193309783935547,True,True
2013-09-30,LLY,39.72099685668945,False,False
2013-09-30,MMM,68.569580078125,True,True
2013-09-30,MRK,31.61153030395508,True,True
2013-09-30,MS,19.86161422729492,True,True
2013-09-30,MSFT,27.50053977966309,True,True
2013-09-30,NOVN.SW,36.07474899291992,True,True
2013-09-30,NVDA,0.3648572862148285,True,True
2013-09-30,OR.PA,104.58214569091795,False,False
2013-09-30,ORCL,27.72973251342773,False,False
2013-09-30,PEP,56.267215728759766,True,True
2013-09-30,PFE,16.717470169067383,True,True
2013-09-30,PG,53.85009765625,True,True
2013-09-30,ROG.SW,165.0714569091797,True,True
2013-09-30,SAP.DE,45.51189804077149,False,False
2013-09-30,SIE.DE,53.88450622558594,True,True
2013-09-30,UBSG.SW,12.18396282196045,True,True
2013-09-30,ULVR.L,2430.206787109375,False,False
2013-09-30,UNH,59.602577209472656,True,True
2013-09-30,XOM,52.787879943847656,True,True
2013-12-31,6501.T,639.9154663085938,True,True
2013-12-31,6758.T,340.87261962890625,True,True
2013-12-31,6861.T,10779.9453125,True,True
2013-12-31,7203.T,907.29443359375,True,True
2013-12-31,7267.T,985.041748046875,True,True
2013-12-31,9432.T,39.59953689575195,True,True
2013-12-31,9984.T,4271.86669921875,True,True
2013-12-31,AAPL,17.41830062866211,True,True
2013-12-31,AIR.PA,47.47719192504883,True,True
2013-12-31,ALV.DE,73.53392028808594,True,True
2013-12-31,AMGN,82.7457504272461,True,True
2013-12-31,AMZN,19.93950080871582,True,True
2013-12-31,ASML.AS,60.5628776550293,True,True
2013-12-31,BAC,12.397998809814451,True,True
2013-12-31,BAS.DE,42.69383239746094,True,True
2013-12-31,BAYN.DE,72.41988372802734,True,True
2013-12-31,BMY,36.8073844909668,True,True
2013-12-31,BP.L,484.717041015625,False,False
2013-12-31,CAT,66.92794036865234,True,True
2013-12-31,CSCO,15.588643074035645,True,True
2013-12-31,CVX,76.90363311767578,True,True
2013-12-31,DBK.DE,24.18900489807129,True,True
2013-12-31,FME.DE,41.51469421386719,False,False
2013-12-31,GE,111.08702087402344,True,True
2013-12-31,GOOGL,27.878597259521484,True,True
2013-12-31,GS,142.18406677246094,True,True
2013-12-31,HSBA.L,658.2933349609375,False,False
2013-12-31,IBM,111.48793029785156,False,False
2013-12-31,IFX.DE,6.714913845062256,True,True
2013-12-31,INTU,69.18336486816406,True,True
2013-12-31,JNJ,66.51757049560547,True,True
2013-12-31,JPM,42.51365280151367,True,True
2013-12-31,KO,28.76519203186035,False,False
2013-12-31,LLY,40.64763641357422,False,False
2013-12-31,MMM,80.93184661865234,True,True
2013-12-31,MRK,33.53302764892578,True,True
2013-12-31,MS,23.151660919189453,True,True
2013-12-31,MSFT,31.14777183532715,False,True
2013-12-31,NOVN.SW,36.957157135009766,True,True
2013-12-31,NVDA,0.3776779174804687,True,True
2013-12-31,OR.PA,105.20000457763672,False,False
2013-12-31,ORCL,32.10080337524414,True,True
2013-12-31,PEP,59.10251998901367,True,True
2013-12-31,PFE,17.96103286743164,True,True
2013-12-31,PG,58.44968032836914,True,True
2013-12-31,ROG.SW,168.6584930419922,True,True
2013-12-31,SAP.DE,51.87207794189453,False,False
2013-12-31,SIE.DE,60.07402420043945,True,True
2013-12-31,UBSG.SW,11.143386840820312,True,True
2013-12-31,ULVR.L,2472.259765625,False,False
2013-12-31,UNH,62.91277313232422,True,True
2013-12-31,XOM,62.51139831542969,True,True
2014-03-31,6501.T,617.0656127929688,True,True
2014-03-31,6758.T,370.60345458984375,False,False
2014-03-31,6861.T,10205.732421875,True,True
2014-03-31,7203.T,838.261474609375,True,True
2014-03-31,7267.T,831.8755493164062,True,True
2014-03-31,9432.T,39.96849822998047,True,True
2014-03-31,9984.T,3630.918701171875,True,True
2014-03-31,AAPL,16.764217376708984,True,True
2014-03-31,AIR.PA,44.22754287719727,True,True
2014-03-31,ALV.DE,69.21835327148438,True,True
2014-03-31,AMGN,89.9182357788086,True,True
2014-03-31,AMZN,16.818500518798828,True,True
2014-03-31,ASML.AS,59.84189224243164,True,True
2014-03-31,BAC,13.704116821289062,True,True
2014-03-31,BAS.DE,44.45140075683594,True,True
2014-03-31,BAYN.DE,69.74186706542969,True,True
2014-03-31,BMY,35.976356506347656,True,True
2014-03-31,BP.L,476.77740478515625,True,True
2014-03-31,CAT,73.71537780761719,True,True
2014-03-31,CSCO,15.700689315795898,False,False
2014-03-31,CVX,73.85990905761719,True,True
2014-03-31,DBK.DE,22.654300689697266,True,True
2014-03-31,FME.DE,40.64796829223633,False,False
2014-03-31,GE,103.50238800048828,True,True
2014-03-31,GOOGL,27.724369049072266,True,True
2014-03-31,GS,131.8712158203125,True,True
2014-03-31,HSBA.L,603.8443603515625,False,False
2014-03-31,IBM,115.03946685791016,True,True
2014-03-31,IFX.DE,7.61352014541626,True,True
2014-03-31,INTU,70.63569641113281,True,True
2014-03-31,JNJ,71.85325622558594,True,True
2014-03-31,JPM,44.423458099365234,True,True
2014-03-31,KO,27.133214950561523,True,True
2014-03-31,LLY,47.33768081665039,True,True
2014-03-31,META,59.911319732666016,True,True
2014-03-31,MMM,78.79754638671875,True,True
2014-03-31,MRK,38.332252502441406,True,True
2014-03-31,MS,23.04963493347168,True,True
2014-03-31,MSFT,34.384403228759766,True,True
2014-03-31,NOVN.SW,40.50245666503906,True,True
2014-03-31,NVDA,0.4241420924663543,True,True
2014-03-31,OR.PA,98.60955810546876,False,False
2014-03-31,ORCL,34.43340301513672,True,True
2014-03-31,PEP,59.92253494262695,True,True
2014-03-31,PFE,18.99180030822754,True,True
2014-03-31,PG,58.30590057373047,True,True
2014-03-31,ROG.SW,184.8016662597656,True,True
2014-03-31,SAP.DE,48.9167594909668,True,True
2014-03-31,SIE.DE,61.16951751708984,True,True
2014-03-31,UBSG.SW,12.025903701782228,True,True
2014-03-31,ULVR.L,2551.19287109375,False,False
2014-03-31,UNH,68.74970245361328,True,True
2014-03-31,XOM,60.76443862915039,True,True
2014-06-30,6501.T,600.8696899414062,False,False
2014-06-30,6758.T,316.1029052734375,False,False
2014-06-30,6861.T,10595.30859375,False,False
2014-06-30,7203.T,875.3831787109375,False,False
2014-06-30,7267.T,814.7415161132812,False,False
2014-06-30,9432.T,44.9405632019043,True,True
2014-06-30,9984.T,3511.2841796875,False,False
2014-06-30,AAPL,20.431116104125977,True,True
2014-06-30,AIR.PA,42.22915649414063,False,False
2014-06-30,ALV.DE,71.68394470214844,True,True
2014-06-30,AMGN,86.76869201660156,True,True
2014-06-30,AMZN,16.23900032043457,False,False
2014-06-30,ASML.AS,61.14916610717773,False,False
2014-06-30,BAC,12.253947257995604,True,True
2014-06-30,BAS.DE,48.40372848510742,True,True
2014-06-30,BAYN.DE,74.82030487060547,False,False
2014-06-30,BMY,33.82887649536133,True,True
2014-06-30,BP.L,511.5023498535156,True,True
2014-06-30,CAT,81.08904266357422,True,True
2014-06-30,CSCO,17.551156997680664,True,True
2014-06-30,CVX,81.78216552734375,True,True
2014-06-30,DBK.DE,19.26922607421875,False,False
2014-06-30,FME.DE,40.03458404541016,True,True
2014-06-30,GE,105.92815399169922,False,False
2014-06-30,GOOGL,29.059221267700195,True,True
2014-06-30,GS,135.22027587890625,False,False
2014-06-30,HSBA.L,589.3873291015625,False,False
2014-06-30,IBM,108.96471405029295,False,False
2014-06-30,IFX.DE,8.023992538452148,True,True
2014-06-30,INTU,73.36651611328125,True,True
2014-06-30,JNJ,77.06072998046875,True,True
2014-06-30,JPM,42.42815017700195,True,True
2014-06-30,KO,29.9536247253418,True,True
2014-06-30,LLY,50.41546249389648,True,True
2014-06-30,META,66.92285919189453,True,True
2014-06-30,MMM,83.71073913574219,True,True
2014-06-30,MRK,39.35594177246094,True,True
2014-06-30,MS,23.98587417602539,True,True
2014-06-30,MSFT,35.226783752441406,True,True
2014-06-30,NOVN.SW,43.3646240234375,True,True
2014-06-30,NVDA,0.4410837590694427,True,True
2014-06-30,OR.PA,105.8224639892578,False,False
2014-06-30,ORCL,34.21524429321289,True,True
2014-06-30,PEP,64.59310913085938,True,True
2014-06-30,PFE,17.705509185791016,True,True
2014-06-30,PG,57.30609130859375,True,True
2014-06-30,ROG.SW,184.4529571533203,True,True
2014-06-30,SAP.DE,47.81455993652344,False,False
2014-06-30,SIE.DE,60.38689041137695,True,True
2014-06-30,UBSG.SW,10.864127159118652,False,False
2014-06-30,ULVR.L,2641.087158203125,True,True
2014-06-30,UNH,68.87061309814453,True,True
2014-06-30,XOM,63.05588150024414,True,True
2014-09-30,6501.T,682.9954833984375,True,True
2014-09-30,6758.T,374.1741333007813,False,True
2014-09-30,6861.T,11452.365234375,True,True
2014-09-30,7203.T,940.6859130859376,True,True
2014-09-30,7267.T,880.397705078125,False,False
2014-09-30,9432.T,49.16249465942383,True,True
2014-09-30,9984.T,3588.2626953125,False,False
2014-09-30,AAPL,22.26056480407715,True,True
2014-09-30,AIR.PA,42.98849105834961,False,False
2014-09-30,ALV.DE,75.60093688964844,True,True
2014-09-30,AMGN,103.4570083618164,True,True
2014-09-30,AMZN,16.121999740600586,False,False
2014-09-30,ASML.AS,70.86865997314453,True,True
2014-09-30,BAC,13.635247230529783,False,False
2014-09-30,BAS.DE,41.34496688842773,False,False
2014-09-30,BAYN.DE,80.44178009033203,True,True
2014-09-30,BMY,35.95766067504883,False,False
2014-09-30,BP.L,450.5135498046875,False,False
2014-09-30,CAT,74.36295318603516,True,True
2014-09-30,CSCO,18.049388885498047,True,True
2014-09-30,CVX,75.38251495361328,True,True
2014-09-30,DBK.DE,20.829057693481445,False,False
2014-09-30,FME.DE,45.09905624389648,True,True
2014-09-30,GE,104.13996124267578,False,False
2014-09-30,GOOGL,29.245105743408203,True,True
2014-09-30,GS,148.70620727539062,True,True
2014-09-30,HSBA.L,622.44970703125,False,False
2014-09-30,IBM,114.78514099121094,False,False
2014-09-30,IFX.DE,7.201290130615234,False,False
2014-09-30,INTU,80.0404281616211,True,True
2014-09-30,JNJ,79.04285430908203,True,True
2014-09-30,JPM,44.66744613647461,True,True
2014-09-30,KO,30.38552665710449,True,True
2014-09-30,LLY,53.01201629638672,True,True
2014-09-30,META,78.6087417602539,True,True
2014-09-30,MMM,83.2927474975586,True,True
2014-09-30,MRK,40.622955322265625,True,True
2014-09-30,MS,25.725534439086918,True,True
2014-09-30,MSFT,39.40798568725586,True,True
2014-09-30,NOVN.SW,48.68395233154297,True,True
2014-09-30,NVDA,0.4408842325210571,True,True
2014-09-30,OR.PA,105.6963348388672,True,True
2014-09-30,ORCL,32.40989685058594,False,False
2014-09-30,PEP,67.78446960449219,True,True
2014-09-30,PFE,17.795509338378906,False,False
2014-09-30,PG,61.54913711547852,True,True
2014-09-30,ROG.SW,197.4239654541016,True,True
2014-09-30,SAP.DE,48.40800094604492,False,False
2014-09-30,SIE.DE,59.084617614746094,False,False
2014-09-30,UBSG.SW,11.12454605102539,False,False
2014-09-30,ULVR.L,2575.559326171875,True,True
2014-09-30,UNH,72.97063446044922,True,True
2014-09-30,XOM,59.313846588134766,False,False
2014-12-31,6501.T,734.5361328125,True,True
2014-12-31,6758.T,464.6636962890625,True,True
2014-12-31,6861.T,12928.8115234375,True,True
2014-12-31,7203.T,1100.0623779296875,True,True
2014-12-31,7267.T,821.8552856445312,False,False
2014-12-31,9432.T,44.76591491699219,True,True
2014-12-31,9984.T,3364.725341796875,False,False
2014-12-31,AAPL,24.494047164916992,True,True
2014-12-31,ABBV,42.1053466796875,True,True
2014-12-31,AIR.PA,35.679935455322266,False,False
2014-12-31,ALV.DE,80.90213012695312,True,True
2014-12-31,AMGN,117.77467346191406,True,True
2014-12-31,AMZN,15.517499923706056,False,False
2014-12-31,ASML.AS,80.47129821777344,True,True
2014-12-31,BAC,14.348848342895508,True,True
2014-12-31,BAS.DE,39.77950286865234,False,False
2014-12-31,BAYN.DE,81.96503448486328,True,True
2014-12-31,BMY,42.02663803100586,True,True
2014-12-31,BP.L,408.3976135253906,False,False
2014-12-31,CAT,69.25471496582031,False,False
2014-12-31,CSCO,19.94970321655273,True,True
2014-12-31,CVX,71.52894592285156,False,False
2014-12-31,DBK.DE,18.736778259277344,False,False
2014-12-31,FME.DE,50.4408073425293,True,True
2014-12-31,GE,103.68438720703124,False,False
2014-12-31,GOOGL,26.37482070922852,False,False
2014-12-31,GS,157.51893615722656,True,True
2014-12-31,HSBA.L,605.1129150390625,True,True
2014-12-31,IBM,97.67780303955078,False,False
2014-12-31,IFX.DE,7.774370193481445,False,False
2014-12-31,INTU,84.44225311279297,True,True
2014-12-31,JNJ,78.04991912841797,True,True
2014-12-31,JPM,46.71517181396485,True,True
2014-12-31,KO,30.27999496459961,True,True
2014-12-31,LLY,56.80653381347656,True,True
2014-12-31,META,77.59430694580078,True,True
2014-12-31,MMM,97.12112426757812,True,True
2014-12-31,MRK,39.2108039855957,True,True
2014-12-31,MS,28.95760154724121,True,True
2014-12-31,MSFT,39.7335205078125,True,True
2014-12-31,NOVN.SW,49.87201690673828,True,True
2014-12-31,NVDA,0.4811458587646484,True,True
2014-12-31,OR.PA,117.13204956054688,True,True
2014-12-31,ORCL,38.19186401367188,True,True
2014-12-31,PEP,69.30706787109375,True,True
2014-12-31,PFE,18.908735275268555,True,True
2014-12-31,PG,67.46490478515625,True,True
2014-12-31,ROG.SW,188.21875,True,True
2014-12-31,SAP.DE,49.391414642333984,False,False
2014-12-31,SIE.DE,58.696434020996094,False,False
2014-12-31,UBSG.SW,11.411672592163086,False,False
2014-12-31,ULVR.L,2618.637939453125,True,True
2014-12-31,UNH,85.84831237792969,True,True
2014-12-31,XOM,58.72576141357422,False,False
2015-03-31,6501.T,676.2243041992188,False,False
2015-03-31,6758.T,599.5054321289062,True,True
2015-03-31,6861.T,15785.1376953125,True,True
2015-03-31,7203.T,1238.12646484375,True,True
2015-03-31,7267.T,914.6964721679688,True,True
2015-03-31,9432.T,53.957401275634766,True,True
2015-03-31,9984.T,3266.774658203125,False,False
2015-03-31,AAPL,27.72080612182617,True,True
2015-03-31,ABBV,37.948516845703125,True,True
2015-03-31,AIR.PA,52.15224456787109,True,True
2015-03-31,ALV.DE,95.33316802978516,True,True
2015-03-31,AMGN,118.81449127197266,True,True
2015-03-31,AMZN,18.604999542236328,True,True
2015-03-31,ASML.AS,85.22761535644531,True,True
2015-03-31,BAC,12.38230037689209,True,True
2015-03-31,BAS.DE,52.68452072143555,True,True
2015-03-31,BAYN.DE,101.51334381103516,True,True
2015-03-31,BMY,45.9210205078125,True,True
2015-03-31,BP.L,433.9999084472656,False,False
2015-03-31,CAT,61.0499382019043,False,False
2015-03-31,CSCO,20.029619216918945,True,True
2015-03-31,CVX,67.59567260742188,False,False
2015-03-31,DBK.DE,24.26744842529297,True,True
2015-03-31,FME.DE,63.17129898071289,True,True
2015-03-31,GE,102.73271942138672,False,False
2015-03-31,GOOGL,27.569656372070312,False,False
2015-03-31,GS,153.23626708984375,True,True
2015-03-31,HSBA.L,570.841552734375,False,False
2015-03-31,IBM,98.39977264404295,False,False
2015-03-31,IFX.DE,9.957651138305664,True,True
2015-03-31,INTU,89.06422424316406,True,True
2015-03-31,JNJ,75.61236572265625,False,False
2015-03-31,JPM,45.51311874389648,True,True
2015-03-31,KO,29.32359504699707,False,False
2015-03-31,LLY,60.24747085571289,True,True
2015-03-31,META,81.77139282226562,True,True
2015-03-31,MMM,98.09993743896484,True,True
2015-03-31,MRK,40.00837707519531,False,False
2015-03-31,MS,26.71359062194824,True,True
2015-03-31,MSFT,35.02825927734375,False,False
2015-03-31,NOVN.SW,53.622108459472656,True,True
2015-03-31,NVDA,0.5041974186897278,True,True
2015-03-31,OR.PA,144.08169555664062,True,True
2015-03-31,ORCL,36.745635986328125,True,True
2015-03-31,PEP,70.55361938476562,True,True
2015-03-31,PFE,21.304597854614254,True,True
2015-03-31,PG,61.11968612670898,True,True
2015-03-31,ROG.SW,192.8941192626953,False,False
2015-03-31,SAP.DE,57.25029754638672,True,True
2015-03-31,SIE.DE,65.4477310180664,True,True
2015-03-31,UBSG.SW,12.232994079589844,True,True
2015-03-31,ULVR.L,2805.18408203125,True,True
2015-03-31,UNH,100.7911148071289,True,True
2015-03-31,XOM,54.399810791015625,False,False
2015-06-30,6501.T,662.7523193359375,False,False
2015-06-30,6758.T,650.5292358398438,True,True
2015-06-30,6861.T,15907.658203125,True,True
2015-06-30,7203.T,1211.541259765625,True,True
2015-06-30,7267.T,933.4635620117188,True,True
2015-06-30,9432.T,64.68030548095703,True,True
2015-06-30,9984.T,3373.951171875,False,False
2015-06-30,AAPL,28.060317993164062,True,True
2015-06-30,ABBV,43.917110443115234,True,True
2015-06-30,AIR.PA,51.21056365966797,True,True
2015-06-30,ALV.DE,86.11164093017578,True,True
2015-06-30,AMGN,114.67193603515624,True,True
2015-06-30,AMZN,21.704500198364254,True,True
2015-06-30,ASML.AS,83.93598937988281,True,True
2015-06-30,BAC,13.734819412231444,False,False
2015-06-30,BAS.DE,46.31802749633789,True,True
2015-06-30,BAYN.DE,92.5899887084961,True,True
2015-06-30,BMY,47.646751403808594,True,True
2015-06-30,BP.L,417.60986328125,False,False
2015-06-30,CAT,65.2402114868164,False,False
2015-06-30,CSCO,19.97869682312012,True,True
2015-06-30,CVX,62.73512649536133,False,False
2015-06-30,DBK.DE,20.734682083129883,True,True
2015-06-30,FME.DE,60.98077392578125,True,True
2015-06-30,GE,110.9563217163086,True,True
2015-06-30,GOOGL,26.841026306152344,False,False
2015-06-30,GS,170.739990234375,True,True
2015-06-30,HSBA.L,567.0210571289062,False,False
2015-06-30,IBM,100.4787368774414,False,False
2015-06-30,IFX.DE,9.957651138305664,True,True
2015-06-30,INTU,92.80228424072266,True,True
2015-06-30,JNJ,73.7864761352539,False,False
2015-06-30,JPM,51.2457389831543,True,True
2015-06-30,KO,28.603090286254883,False,False
2015-06-30,LLY,69.71570587158203,True,True
2015-06-30,META,85.30201721191406,True,True
2015-06-30,MMM,92.34639739990234,True,True
2015-06-30,MRK,39.92695236206055,True,True
2015-06-30,MS,29.15192222595215,True,True
2015-06-30,MSFT,38.28205490112305,False,False
2015-06-30,NOVN.SW,51.39134979248047,True,True
2015-06-30,NVDA,0.4866859316825866,True,True
2015-06-30,OR.PA,136.6665496826172,True,True
2015-06-30,ORCL,34.438941955566406,False,False
2015-06-30,PEP,69.37909698486328,True,True
2015-06-30,PFE,20.7028923034668,True,True
2015-06-30,PG,58.82925033569336,False,False
2015-06-30,ROG.SW,188.5052490234375,False,False
2015-06-30,SAP.DE,53.92811584472656,True,True
2015-06-30,SIE.DE,58.72098159790039,True,True
2015-06-30,UBSG.SW,13.584139823913574,True,True
2015-06-30,ULVR.L,2720.678466796875,True,True
2015-06-30,UNH,104.39254760742188,True,True
2015-06-30,XOM,53.68821334838867,False,False
2015-09-30,6501.T,498.4220886230469,False,False
2015-09-30,6758.T,546.482666015625,True,True
2015-09-30,6861.T,12810.8896484375,False,False
2015-09-30,7203.T,1044.0927734375,False,False
2015-09-30,7267.T,838.8894653320312,True,True
2015-09-30,9432.T,61.662899017333984,True,True
2015-09-30,9984.T,2572.051513671875,False,False
2015-09-30,AAPL,24.787227630615234,False,False
2015-09-30,ABBV,35.827720642089844,False,False
2015-09-30,AIR.PA,46.55585861206055,True,True
2015-09-30,ALV.DE,86.4506607055664,False,False
2015-09-30,AMGN,103.79890441894533,False,False
2015-09-30,AMZN,25.59449958801269,True,True
2015-09-30,ASML.AS,70.77063751220703,False,False
2015-09-30,BAC,12.61324405670166,False,False
2015-09-30,BAS.DE,40.14778137207031,False,False
2015-09-30,BAYN.DE,84.40401458740234,False,False
2015-09-30,BMY,42.89712905883789,True,True
2015-09-30,BP.L,332.0356140136719,False,False
2015-09-30,CAT,50.73653411865234,False,False
2015-09-30,CSCO,19.24553108215332,False,False
2015-09-30,CVX,51.94256591796875,False,False
2015-09-30,DBK.DE,18.518878936767575,False,False
2015-09-30,FME.DE,57.50510025024414,True,True
2015-09-30,GE,106.2612762451172,True,True
2015-09-30,GOOGL,31.72821617126465,True,True
2015-09-30,GS,142.58364868164062,False,False
2015-09-30,HSBA.L,496.0633544921875,False,False
2015-09-30,IBM,90.29460144042967,False,False
2015-09-30,IFX.DE,8.995882987976074,False,False
2015-09-30,INTU,81.930419921875,False,False
2015-09-30,JNJ,71.21546936035156,False,False
2015-09-30,JPM,46.41195297241211,True,False
2015-09-30,KO,29.50543212890625,False,False
2015-09-30,LLY,70.30349731445312,True,True
2015-09-30,META,89.40949249267578,True,True
2015-09-30,MMM,85.43785095214844,False,False
2015-09-30,MRK,34.93711471557617,False,False
2015-09-30,MS,23.76408195495605,False,False
2015-09-30,MSFT,38.6304931640625,True,True
2015-09-30,NOVN.SW,49.85769271850586,False,False
2015-09-30,NVDA,0.5990697145462036,True,True
2015-09-30,OR.PA,132.4384307861328,False,False
2015-09-30,ORCL,30.981996536254883,False,False
2015-09-30,PEP,70.63639068603516,True,True
2015-09-30,PFE,19.54547119140625,True,True
2015-09-30,PG,54.5351791381836,False,False
2015-09-30,ROG.SW,184.90782165527344,False,False
2015-09-30,SAP.DE,49.92228698730469,False,False
2015-09-30,SIE.DE,51.95523834228516,False,False
2015-09-30,UBSG.SW,12.499722480773926,True,True
2015-09-30,ULVR.L,2677.018798828125,False,False
2015-09-30,UNH,99.6964340209961,True,True
2015-09-30,XOM,48.42628860473633,False,False
2015-12-31,6501.T,573.5708618164062,False,False
2015-12-31,6758.T,565.9964599609375,False,False
2015-12-31,6861.T,16153.2763671875,False,False
2015-12-31,7203.T,1121.527099609375,False,False
2015-12-31,7267.T,932.1102905273438,False,False
2015-12-31,9432.T,71.37430572509766,True,True
2015-12-31,9984.T,2882.933837890625,False,False
2015-12-31,AAPL,23.75586700439453,False,False
2015-12-31,ABBV,39.3681755065918,False,False
2015-12-31,AIR.PA,55.0645637512207,False,False
2015-12-31,ALV.DE,100.81287384033205,True,True
2015-12-31,AMGN,122.43318939208984,False,False
2015-12-31,AMZN,33.79449844360352,True,True
2015-12-31,ASML.AS,76.14000701904297,False,False
2015-12-31,BAC,13.663576126098633,False,False
2015-12-31,BAS.DE,41.55812454223633,False,False
2015-12-31,BAYN.DE,85.39959716796875,False,False
2015-12-31,BMY,50.11927032470703,False,False
2015-12-31,BP.L,351.97613525390625,False,False
2015-12-31,CAT,53.344383239746094,False,False
2015-12-31,CSCO,20.07329750061035,False,False
2015-12-31,CVX,59.96223449707031,False,False
2015-12-31,DBK.DE,17.330196380615234,False,False
2015-12-31,FME.DE,64.01993560791016,False,False
2015-12-31,GE,132.228271484375,True,True
2015-12-31,GOOGL,38.66859817504883,True,True
2015-12-31,GS,148.39926147460938,False,False
2015-12-31,HSBA.L,533.433837890625,False,False
2015-12-31,IBM,86.52069091796875,False,False
2015-12-31,IFX.DE,12.082487106323242,True,True
2015-12-31,INTU,89.38021087646484,False,False
2015-12-31,JNJ,78.94139099121094,True,True
2015-12-31,JPM,50.62643051147461,False,False
2015-12-31,KO,31.83634185791016,True,True
2015-12-31,LLY,71.2311019897461,False,False
2015-12-31,META,104.0889663696289,True,True
2015-12-31,MMM,91.37982177734376,False,False
2015-12-31,MRK,37.68627548217773,False,False
2015-12-31,MS,24.11015510559082,False,False
2015-12-31,MSFT,48.749813079833984,True,True
2015-12-31,NOVN.SW,48.40769577026367,False,False
2015-12-31,NVDA,0.8040696382522583,True,True
2015-12-31,OR.PA,134.4030303955078,False,False
2015-12-31,ORCL,31.458234786987305,False,False
2015-12-31,PEP,75.37040710449219,True,True
2015-12-31,PFE,20.24897766113281,False,False
2015-12-31,PG,60.73896026611328,False,False
2015-12-31,ROG.SW,198.8658447265625,False,False
2015-12-31,SAP.DE,63.21479034423828,True,True
2015-12-31,SIE.DE,58.41552734375,False,False
2015-12-31,UBSG.SW,13.547727584838867,False,False
2015-12-31,ULVR.L,2916.937744140625,True,True
2015-12-31,UNH,101.53390502929688,False,False
2015-12-31,XOM,51.213653564453125,False,False
2016-03-31,6501.T,441.7167053222656,False,False
2016-03-31,6758.T,547.3173828125,False,False
2016-03-31,6861.T,14819.9873046875,True,True
2016-03-31,7203.T,907.5118408203124,False,False
2016-03-31,7267.T,740.9168701171875,False,False
2016-03-31,9432.T,72.4074478149414,True,True
2016-03-31,9984.T,2529.579833984375,False,False
2016-03-31,AAPL,24.731157302856445,False,False
2016-03-31,ABBV,38.35799789428711,False,False
2016-03-31,AIR.PA,51.34254837036133,True,True
2016-03-31,ALV.DE,88.11494445800781,True,True
2016-03-31,AMGN,113.86717987060548,True,True
2016-03-31,AMZN,29.68199920654297,True,True
2016-03-31,ASML.AS,80.83934783935547,True,True
2016-03-31,BAC,11.01809310913086,False,False
2016-03-31,BAS.DE,38.96073913574219,False,False
2016-03-31,BAYN.DE,76.1811752319336,False,False
2016-03-31,BMY,46.819068908691406,True,True
2016-03-31,BP.L,348.2221374511719,False,False
2016-03-31,CAT,60.83137130737305,False,False
2016-03-31,CSCO,21.205453872680664,True,True
2016-03-31,CVX,64.394775390625,True,True
2016-03-31,DBK.DE,11.502171516418455,False,False
2016-03-31,FME.DE,64.11051940917969,True,True
2016-03-31,GE,136.0252685546875,True,True
2016-03-31,GOOGL,37.91759490966797,True,True
2016-03-31,GS,129.8170928955078,False,False
2016-03-31,HSBA.L,431.7969055175781,False,False
2016-03-31,IBM,96.18809509277344,False,False
2016-03-31,IFX.DE,11.386448860168455,True,True
2016-03-31,INTU,96.6371841430664,True,True
2016-03-31,JNJ,83.75544738769531,True,True
2016-03-31,JPM,45.70967864990234,False,False
2016-03-31,KO,34.64631271362305,True,True
2016-03-31,LLY,61.299259185791016,False,False
2016-03-31,META,113.47745513916016,True,True
2016-03-31,MMM,101.80985260009766,True,True
2016-03-31,MRK,38.08074951171875,True,True
2016-03-31,MS,19.068357467651367,False,False
2016-03-31,MSFT,48.87857437133789,True,True
2016-03-31,NOVN.SW,40.65868377685547,False,False
2016-03-31,NVDA,0.8723718523979187,True,True
2016-03-31,OR.PA,134.4884033203125,False,False
2016-03-31,ORCL,35.37538528442383,True,True
2016-03-31,PEP,77.85377502441406,True,True
2016-03-31,PFE,18.77985191345215,False,False
2016-03-31,PG,63.505855560302734,True,True
2016-03-31,ROG.SW,175.69703674316406,False,False
2016-03-31,SAP.DE,61.25062942504883,True,True
2016-03-31,SIE.DE,63.25137710571289,True,True
2016-03-31,UBSG.SW,10.750730514526367,False,False
2016-03-31,ULVR.L,3142.43896484375,True,True
2016-03-31,UNH,111.7113800048828,True,True
2016-03-31,XOM,55.41763305664063,True,True
2016-06-30,6501.T,355.571044921875,False,False
2016-06-30,6758.T,565.2901000976562,True,True
2016-06-30,6861.T,16703.12890625,True,True
2016-06-30,7203.T,770.2872314453125,False,False
2016-06-30,7267.T,623.0079956054688,False,False
2016-06-30,9432.T,71.69053649902344,True,True
2016-06-30,9984.T,2728.98583984375,False,False
2016-06-30,AAPL,21.82487678527832,False,False
2016-06-30,ABBV,41.97413635253906,True,True
2016-06-30,AIR.PA,46.62754440307617,False,False
2016-06-30,ALV.DE,82.81200408935547,False,False
2016-06-30,AMGN,116.31388092041016,True,True
2016-06-30,AMZN,35.78099822998047,True,True
2016-06-30,ASML.AS,81.0365219116211,True,True
2016-06-30,BAC,10.851041793823242,False,False
2016-06-30,BAS.DE,42.02497863769531,False,False
2016-06-30,BAYN.DE,68.06163024902344,False,False
2016-06-30,BMY,54.192420959472656,True,True
2016-06-30,BP.L,435.8207092285156,True,True
2016-06-30,CAT,60.83864974975586,True,True
2016-06-30,CSCO,21.564743041992188,True,True
2016-06-30,CVX,71.50801849365234,True,True
2016-06-30,DBK.DE,9.482558250427246,False,False
2016-06-30,FME.DE,64.9659423828125,True,True
2016-06-30,GE,135.71929931640625,True,True
2016-06-30,GOOGL,34.966793060302734,True,True
2016-06-30,GS,123.37419891357422,False,False
2016-06-30,HSBA.L,463.72216796875,False,False
2016-06-30,IBM,97.32798767089844,True,True
2016-06-30,IFX.DE,11.814408302307127,False,False
2016-06-30,INTU,103.9952163696289,True,True
2016-06-30,JNJ,94.5663070678711,True,True
2016-06-30,JPM,48.31862258911133,False,False
2016-06-30,KO,34.11426544189453,True,True
2016-06-30,LLY,67.4843978881836,False,False
2016-06-30,META,113.6564712524414,True,True
2016-06-30,MMM,107.70964813232422,True,True
2016-06-30,MRK,41.80195999145508,True,True
2016-06-30,MS,19.91635513305664,False,False
2016-06-30,MSFT,45.60221481323242,False,False
2016-06-30,NOVN.SW,46.75457000732422,False,False
2016-06-30,NVDA,1.1539907455444336,True,True
2016-06-30,OR.PA,149.71493530273438,True,True
2016-06-30,ORCL,35.52459716796875,True,True
2016-06-30,PEP,81.08582305908203,True,True
2016-06-30,PFE,22.508769989013672,True,True
2016-06-30,PG,65.86181640625,True,True
2016-06-30,ROG.SW,190.0972442626953,False,False
2016-06-30,SAP.DE,58.844337463378906,False,False
2016-06-30,SIE.DE,62.34148025512695,True,True
2016-06-30,UBSG.SW,9.2306489944458,False,False
2016-06-30,ULVR.L,3567.869140625,True,True
2016-06-30,UNH,122.928466796875,True,True
2016-06-30,XOM,62.66909408569336,True,True
2016-09-30,6501.T,398.0666198730469,False,False
2016-09-30,6758.T,624.8418579101562,True,True
2016-09-30,6861.T,17746.771484375,True,True
2016-09-30,7203.T,896.033203125,False,False
2016-09-30,7267.T,704.5098876953125,False,False
2016-09-30,9432.T,69.78484344482422,False,False
2016-09-30,9984.T,3084.709228515625,True,True
2016-09-30,AAPL,25.948413848876957,False,True
2016-09-30,ABBV,43.135986328125,True,True
2016-09-30,AIR.PA,48.52942657470703,False,False
2016-09-30,ALV.DE,85.59831237792969,False,False
2016-09-30,AMGN,128.26234436035156,True,True
2016-09-30,AMZN,41.865501403808594,True,True
2016-09-30,ASML.AS,89.56282806396484,True,True
2016-09-30,BAC,12.856751441955566,False,False
2016-09-30,BAS.DE,46.5984992980957,True,True
2016-09-30,BAYN.DE,67.63056945800781,False,False
2016-09-30,BMY,39.72882843017578,False,False
2016-09-30,BP.L,447.689208984375,True,True
2016-09-30,CAT,71.92555236816406,True,True
2016-09-30,CSCO,24.05942916870117,True,True
2016-09-30,CVX,70.94485473632812,True,True
2016-09-30,DBK.DE,8.901680946350098,False,False
2016-09-30,FME.DE,64.74114990234375,True,True
2016-09-30,GE,128.69692993164062,False,False
2016-09-30,GOOGL,39.96332550048828,False,False
2016-09-30,GS,134.43507385253906,False,False
2016-09-30,HSBA.L,576.0760498046875,True,True
2016-09-30,IBM,102.74134826660156,True,True
2016-09-30,IFX.DE,14.459561347961426,True,True
2016-09-30,INTU,102.77423858642578,True,True
2016-09-30,JNJ,92.70932006835938,True,True
2016-09-30,JPM,52.181915283203125,True,True
2016-09-30,KO,32.10921859741211,False,False
2016-09-30,LLY,69.21662902832031,True,True
2016-09-30,META,127.57014465332033,True,True
2016-09-30,MMM,109.06771850585938,True,True
2016-09-30,MRK,45.61692810058594,True,True
2016-09-30,MS,24.746620178222656,True,True
2016-09-30,MSFT,51.65250778198242,False,False
2016-09-30,NOVN.SW,44.56704711914063,True,True
2016-09-30,NVDA,1.6851129531860352,True,True
2016-09-30,OR.PA,146.3202362060547,True,True
2016-09-30,ORCL,34.21790313720703,False,False
2016-09-30,PEP,83.84073638916016,True,True
2016-09-30,PFE,21.832136154174805,True,True
2016-09-30,PG,70.3604507446289,True,True
2016-09-30,ROG.SW,178.88885498046875,False,False
2016-09-30,SAP.DE,70.90058898925781,True,True
2016-09-30,SIE.DE,70.7546157836914,True,True
2016-09-30,UBSG.SW,9.715312957763672,False,False
2016-09-30,ULVR.L,3643.415771484375,True,True
2016-09-30,UNH,122.44662475585938,True,True
2016-09-30,XOM,58.84789657592773,True,True
2016-12-31,6501.T,536.8720092773438,True,True
2016-12-31,6758.T,621.4264526367188,True,True
2016-12-31,6861.T,19375.048828125,True,True
2016-12-31,7203.T,1066.4332275390625,True,True
2016-12-31,7267.T,838.9703369140625,True,True
2016-12-31,9432.T,74.2919692993164,False,False
2016-12-31,9984.T,3672.610107421875,True,True
2016-12-31,AAPL,26.7206974029541,True,True
2016-12-31,ABBV,43.22309875488281,False,False
2016-12-31,AIR.PA,56.64169692993164,True,True
2016-12-31,ALV.DE,101.7330551147461,True,True
2016-12-31,AMGN,113.18212890625,False,False
2016-12-31,AMZN,37.493499755859375,True,True
2016-12-31,ASML.AS,97.77740478515624,True,True
2016-12-31,BAC,18.222900390625,True,True
2016-12-31,BAS.DE,54.06797790527344,True,True
2016-12-31,BAYN.DE,74.96611022949219,False,False
2016-12-31,BMY,43.35762405395508,False,False
2016-12-31,BP.L,507.071044921875,True,True
2016-12-31,CAT,75.80551147460938,True,True
2016-12-31,CSCO,23.11112594604492,True,True
2016-12-31,CVX,81.94525909423828,True,True
2016-12-31,DBK.DE,13.271735191345217,True,True
2016-12-31,FME.DE,66.98078918457031,True,True
2016-12-31,GE,138.33326721191406,False,False
2016-12-31,GOOGL,39.38629150390625,True,True
2016-12-31,GS,200.22482299804688,True,True
2016-12-31,HSBA.L,654.0055541992188,True,True
2016-12-31,IBM,108.3332977294922,True,True
2016-12-31,IFX.DE,15.033207893371582,True,True
2016-12-31,INTU,107.40560150146484,True,True
2016-12-31,JNJ,91.04248809814452,True,True
2016-12-31,JPM,68.1109848022461,True,True
2016-12-31,KO,31.72265243530273,False,False
2016-12-31,LLY,63.84527587890625,False,False
2016-12-31,META,114.42227935791016,True,True
2016-12-31,MMM,111.22451782226562,True,True
2016-12-31,MRK,43.359642028808594,True,True
2016-12-31,MS,32.807464599609375,True,True
2016-12-31,MSFT,56.10018157958984,True,True
2016-12-31,NOVN.SW,43.22537612915039,True,True
2016-12-31,NVDA,2.628988265991211,True,True
2016-12-31,OR.PA,150.93353271484375,False,False
2016-12-31,ORCL,33.62462615966797,False,False
2016-12-31,PEP,81.24626159667969,True,True
2016-12-31,PFE,21.144968032836918,True,True
2016-12-31,PG,66.42430114746094,True,True
2016-12-31,ROG.SW,172.6537628173828,False,False
2016-12-31,SAP.DE,72.55657196044922,True,True
2016-12-31,SIE.DE,79.31036376953125,True,True
2016-12-31,UBSG.SW,11.71271514892578,True,True
2016-12-31,ULVR.L,3282.78857421875,True,True
2016-12-31,UNH,140.5312957763672,True,True
2016-12-31,XOM,61.3960189819336,True,True
2017-03-31,6501.T,517.643310546875,True,True
2017-03-31,6758.T,716.5807495117188,True,True
2017-03-31,6861.T,21575.32421875,True,True
2017-03-31,7203.T,953.6825561523438,True,True
2017-03-31,7267.T,829.0944213867188,True,True
2017-03-31,9432.T,72.74851989746094,True,True
2017-03-31,9984.T,3728.8310546875,True,True
2017-03-31,AAPL,33.287330627441406,True,True
2017-03-31,ABBV,45.43013000488281,False,False
2017-03-31,AIR.PA,64.29426574707031,True,True
2017-03-31,ALV.DE,112.52191925048828,True,True
2017-03-31,AMGN,127.88368225097656,False,True
2017-03-31,AMZN,44.32699966430664,True,True
2017-03-31,ASML.AS,114.05072784423828,True,True
2017-03-31,BAC,19.51079750061035,True,True
2017-03-31,BAS.DE,56.89045333862305,True,True
2017-03-31,BAYN.DE,81.7117691040039,True,True
2017-03-31,BMY,40.61186981201172,False,False
2017-03-31,BP.L,455.3605651855469,False,False
2017-03-31,CAT,76.45100402832031,True,True
2017-03-31,CSCO,26.07093048095703,True,True
2017-03-31,CVX,75.46881866455078,True,True
2017-03-31,DBK.DE,13.92192840576172,True,True
2017-03-31,FME.DE,65.81519317626953,True,True
2017-03-31,GE,131.49395751953125,False,False
2017-03-31,GOOGL,42.13728713989258,True,True
2017-03-31,GS,192.59078979492188,True,True
2017-03-31,HSBA.L,648.191162109375,True,True
2017-03-31,IBM,114.55105590820312,True,True
2017-03-31,IFX.DE,17.65764617919922,True,True
2017-03-31,INTU,109.01923370361328,True,True
2017-03-31,JNJ,99.0745086669922,True,True
2017-03-31,JPM,69.71802520751953,True,True
2017-03-31,KO,32.75910568237305,False,False
2017-03-31,LLY,73.50323486328125,True,True
2017-03-31,META,141.2749481201172,True,True
2017-03-31,MMM,119.9483413696289,True,True
2017-03-31,MRK,47.13695907592773,True,True
2017-03-31,MS,33.41743469238281,True,True
2017-03-31,MSFT,59.81907653808594,True,True
2017-03-31,NOVN.SW,45.257511138916016,False,False
2017-03-31,NVDA,2.6863129138946533,True,True
2017-03-31,OR.PA,156.80902099609375,True,True
2017-03-31,ORCL,39.164363861083984,True,True
2017-03-31,PEP,87.45703125,True,True
2017-03-31,PFE,22.49811744689941,False,False
2017-03-31,PG,71.54522705078125,True,True
2017-03-31,ROG.SW,196.10992431640625,False,False
2017-03-31,SAP.DE,80.59115600585938,True,True
2017-03-31,SIE.DE,90.11775970458984,True,True
2017-03-31,UBSG.SW,11.77146339416504,True,True
2017-03-31,ULVR.L,3928.20556640625,False,False
2017-03-31,UNH,144.55419921875,True,True
2017-03-31,XOM,56.29436492919922,False,False
2017-06-30,6501.T,592.30419921875,True,True
2017-06-30,6758.T,815.5243530273438,True,True
2017-06-30,6861.T,23879.01953125,True,True
2017-06-30,7203.T,930.1641845703124,False,False
2017-06-30,7267.T,764.051025390625,True,True
2017-06-30,9432.T,81.29096221923828,True,True
2017-06-30,9984.T,4314.5732421875,True,True
2017-06-30,AAPL,33.50849151611328,True,True
2017-06-30,ABBV,51.05755233764648,True,True
2017-06-30,AIR.PA,66.15016174316406,True,True
2017-06-30,ALV.DE,116.74314880371094,True,True
2017-06-30,AMGN,135.21446228027344,True,True
2017-06-30,AMZN,48.400001525878906,True,True
2017-06-30,ASML.AS,105.6424789428711,True,True
2017-06-30,BAC,20.130834579467773,True,True
2017-06-30,BAS.DE,51.368194580078125,False,False
2017-06-30,BAYN.DE,87.69058990478516,True,True
2017-06-30,BMY,41.914527893066406,False,True
2017-06-30,BP.L,440.75531005859375,False,False
2017-06-30,CAT,89.3021240234375,True,True
2017-06-30,CSCO,24.352922439575195,True,True
2017-06-30,CVX,74.07799530029297,False,True
2017-06-30,DBK.DE,13.536195755004885,True,True
2017-06-30,FME.DE,70.87140655517578,True,True
2017-06-30,GE,120.1883544921875,False,False
2017-06-30,GOOGL,46.20688247680664,True,True
2017-06-30,GS,186.6610870361328,True,True
2017-06-30,HSBA.L,708.8201904296875,True,True
2017-06-30,IBM,102.17940521240234,False,False
2017-06-30,IFX.DE,17.048917770385742,True,True
2017-06-30,INTU,125.19359588623048,True,True
2017-06-30,JNJ,105.92919921875,True,True
2017-06-30,JPM,72.9604263305664,True,True
2017-06-30,KO,34.90426254272461,True,True
2017-06-30,LLY,72.38595581054688,True,True
2017-06-30,META,150.15623474121094,True,True
2017-06-30,MMM,131.29771423339844,True,True
2017-06-30,MRK,47.89458084106445,True,True
2017-06-30,MS,34.91651153564453,True,True
2017-06-30,MSFT,62.966346740722656,True,True
2017-06-30,NOVN.SW,48.57497787475586,True,True
2017-06-30,NVDA,3.5687367916107178,True,True
2017-06-30,OR.PA,161.63833618164062,True,True
2017-06-30,ORCL,44.20895385742188,True,True
2017-06-30,PEP,90.9153060913086,True,True
2017-06-30,PFE,22.3041934967041,True,True
2017-06-30,PG,69.92668151855469,True,True
2017-06-30,ROG.SW,187.21673583984372,True,True
2017-06-30,SAP.DE,81.1946792602539,True,True
2017-06-30,SIE.DE,84.46784210205078,True,True
2017-06-30,UBSG.SW,11.92567539215088,True,True
2017-06-30,ULVR.L,4143.3994140625,True,True
2017-06-30,UNH,164.09930419921875,True,True
2017-06-30,XOM,55.93904113769531,False,False
2017-09-30,6501.T,687.363525390625,True,True
2017-09-30,6758.T,798.9331665039062,True,True
2017-09-30,6861.T,28941.533203125,True,True
2017-09-30,7203.T,1074.893798828125,False,False
2017-09-30,7267.T,836.8580322265625,False,False
2017-09-30,9432.T,80.09130859375,True,True
2017-09-30,9984.T,4318.923828125,True,True
2017-09-30,AAPL,35.99922180175781,True,True
2017-09-30,ABBV,63.13276290893555,True,True
2017-09-30,AIR.PA,73.87686920166016,True,True
2017-09-30,ALV.DE,128.62734985351562,True,True
2017-09-30,AMGN,147.365478515625,True,True
2017-09-30,AMZN,48.067501068115234,True,True
2017-09-30,ASML.AS,133.3724822998047,True,True
2017-09-30,BAC,21.13457489013672,True,True
2017-09-30,BAS.DE,57.03776550292969,False,True
2017-09-30,BAYN.DE,89.3173599243164,True,True
2017-09-30,BMY,48.28209686279297,True,True
2017-09-30,BP.L,475.17327880859375,False,False
2017-09-30,CAT,104.38538360595705,True,True
2017-09-30,CSCO,26.41023063659668,True,True
2017-09-30,CVX,84.26741790771484,True,True
2017-09-30,DBK.DE,12.75584888458252,False,False
2017-09-30,FME.DE,69.69259643554688,True,True
2017-09-30,GE,108.67057800292967,False,False
2017-09-30,GOOGL,48.395751953125,True,True
2017-09-30,GS,200.2042999267578,False,False
2017-09-30,HSBA.L,734.1901245117188,True,True
2017-09-30,IBM,97.38553619384766,False,False
2017-09-30,IFX.DE,19.61755752563477,True,True
2017-09-30,INTU,134.33457946777344,True,True
2017-09-30,JNJ,104.76575469970705,True,True
2017-09-30,JPM,76.66063690185547,True,True
2017-09-30,KO,35.307498931884766,True,True
2017-09-30,LLY,75.7154541015625,False,False
2017-09-30,META,169.9376983642578,True,True
2017-09-30,MMM,133.13758850097656,True,True
2017-09-30,MRK,48.19583511352539,True,True
2017-09-30,MS,37.946197509765625,True,True
2017-09-30,MSFT,68.40782928466797,True,True
2017-09-30,NOVN.SW,50.46197128295898,True,True
2017-09-30,NVDA,4.417159557342529,True,True
2017-09-30,OR.PA,159.42288208007812,False,False
2017-09-30,ORCL,42.79150390625,True,True
2017-09-30,PEP,88.33306884765625,True,True
2017-09-30,PFE,23.936817169189453,True,True
2017-09-30,PG,73.57246398925781,True,True
2017-09-30,ROG.SW,189.5166931152344,True,True
2017-09-30,SAP.DE,82.29562377929688,False,False
2017-09-30,SIE.DE,83.66072082519531,False,False
2017-09-30,UBSG.SW,12.153318405151367,True,True
2017-09-30,ULVR.L,4307.25927734375,True,True
2017-09-30,UNH,173.9877471923828,True,True
2017-09-30,XOM,57.35576629638672,False,False
2017-12-31,6501.T,761.0499267578125,True,True
2017-12-31,6758.T,970.1331176757812,True,True
2017-12-31,6861.T,30573.88671875,True,True
2017-12-31,7203.T,1155.4705810546875,True,True
2017-12-31,7267.T,976.2138061523438,True,True
2017-12-31,9432.T,82.32771301269531,True,True
2017-12-31,9984.T,4240.9501953125,True,True
2017-12-31,AAPL,39.67069625854492,True,True
2017-12-31,ABBV,69.18932342529297,True,True
2017-12-31,AIR.PA,76.25643157958984,True,True
2017-12-31,ALV.DE,129.67697143554688,True,True
2017-12-31,AMGN,138.38587951660156,True,True
2017-12-31,AMZN,58.4734992980957,True,True
2017-12-31,ASML.AS,134.3909454345703,True,True
2017-12-31,BAC,24.72578430175781,True,True
2017-12-31,BAS.DE,58.11467361450195,True,True
2017-12-31,BAYN.DE,80.56379699707031,False,False
2017-12-31,BMY,46.70001220703125,True,True
2017-12-31,BP.L,520.4450073242188,True,True
2017-12-31,CAT,132.68516540527344,True,True
2017-12-31,CSCO,30.33758544921875,True,True
2017-12-31,CVX,90.6229248046875,True,True
2017-12-31,DBK.DE,13.841360092163086,False,False
2017-12-31,FME.DE,73.9110336303711,True,True
2017-12-31,GE,78.96585845947266,False,False
2017-12-31,GOOGL,52.35599899291992,True,True
2017-12-31,GS,215.7103729248047,True,True
2017-12-31,HSBA.L,763.9496459960938,True,True
2017-12-31,IBM,104.01314544677734,False,False
2017-12-31,IFX.DE,21.060970306396484,True,True
2017-12-31,INTU,149.52398681640625,True,True
2017-12-31,JNJ,113.27982330322266,True,True
2017-12-31,JPM,86.33662414550781,True,True
2017-12-31,KO,36.28502655029297,True,True
2017-12-31,LLY,75.23164367675781,False,False
2017-12-31,META,175.49720764160156,True,True
2017-12-31,MMM,150.0460662841797,True,True
2017-12-31,MRK,42.71510314941406,False,False
2017-12-31,MS,41.53652191162109,True,True
2017-12-31,MSFT,78.95014190673828,True,True
2017-12-31,NOVN.SW,50.157623291015625,True,True
2017-12-31,NVDA,4.784439563751221,True,True
2017-12-31,OR.PA,163.89805603027344,False,False
2017-12-31,ORCL,42.009552001953125,False,False
2017-12-31,PEP,95.72276306152344,True,True
2017-12-31,PFE,24.50739288330078,True,True
2017-12-31,PG,74.85702514648438,True,True
2017-12-31,ROG.SW,188.9800262451172,False,False
2017-12-31,SAP.DE,82.97039794921875,False,False
2017-12-31,SIE.DE,81.52007293701172,False,False
2017-12-31,UBSG.SW,13.174053192138672,True,True
2017-12-31,ULVR.L,4114.59423828125,True,True
2017-12-31,UNH,196.5118560791016,True,True
2017-12-31,XOM,59.05873489379883,True,True
2018-03-31,6501.T,675.0973510742188,False,False
2018-03-31,6758.T,984.9808959960938,True,True
2018-03-31,6861.T,32012.025390625,True,True
2018-03-31,7203.T,1112.6923828125,True,True
2018-03-31,7267.T,932.1132202148438,True,True
2018-03-31,9432.T,77.27796173095703,False,False
2018-03-31,9984.T,3789.873291015625,False,False
2018-03-31,AAPL,39.49116134643555,True,True
2018-03-31,ABBV,68.20128631591797,True,True
2018-03-31,AIR.PA,86.17894744873047,True,True
2018-03-31,ALV.DE,124.1919403076172,True,True
2018-03-31,AMGN,136.68980407714844,False,False
2018-03-31,AMZN,72.36699676513672,True,True
2018-03-31,ASML.AS,148.2790985107422,True,True
2018-03-31,BAC,25.213703155517575,True,True
2018-03-31,BAS.DE,52.24238586425781,False,False
2018-03-31,BAYN.DE,71.10529327392578,False,False
2018-03-31,BMY,48.517574310302734,True,True
2018-03-31,BP.L,477.2544555664063,True,True
2018-03-31,CAT,124.67255401611328,True,True
2018-03-31,CSCO,34.22673416137695,True,True
2018-03-31,CVX,83.37340545654297,True,True
2018-03-31,DBK.DE,9.875102996826172,False,False
2018-03-31,FME.DE,69.86942291259766,True,True
2018-03-31,GE,61.50539779663086,False,False
2018-03-31,GOOGL,51.547847747802734,True,True
2018-03-31,GS,213.853515625,True,True
2018-03-31,HSBA.L,662.9710693359375,False,False
2018-03-31,IBM,105.04407501220705,True,True
2018-03-31,IFX.DE,20.278377532958984,True,True
2018-03-31,INTU,164.6703643798828,True,True
2018-03-31,JNJ,104.56460571289062,True,True
2018-03-31,JPM,89.24533081054688,True,True
2018-03-31,KO,34.65060043334961,False,False
2018-03-31,LLY,69.42922973632812,False,False
2018-03-31,META,158.9181365966797,True,True
2018-03-31,MMM,140.76698303222656,True,True
2018-03-31,MRK,41.710296630859375,False,False
2018-03-31,MS,42.90273284912109,True,True
2018-03-31,MSFT,84.63440704345703,True,True
2018-03-31,NOVN.SW,49.11170196533203,True,True
2018-03-31,NVDA,5.729803085327148,True,True
2018-03-31,OR.PA,162.48020935058594,True,True
2018-03-31,ORCL,40.80841445922852,False,False
2018-03-31,PEP,87.76982879638672,True,True
2018-03-31,PFE,24.235919952392575,True,True
2018-03-31,PG,65.0838851928711,False,False
2018-03-31,ROG.SW,174.31239318847656,False,False
2018-03-31,SAP.DE,75.44134521484375,False,False
2018-03-31,SIE.DE,75.18171691894531,False,False
2018-03-31,UBSG.SW,12.333232879638672,True,True
2018-03-31,ULVR.L,3945.373046875,False,False
2018-03-31,UNH,191.3852386474609,True,True
2018-03-31,XOM,53.2213020324707,False,False
2018-06-30,6501.T,684.556396484375,False,False
2018-06-30,6758.T,1084.1298828125,True,True
2018-06-30,6861.T,30325.140625,False,False
2018-06-30,7203.T,1168.938232421875,True,True
2018-06-30,7267.T,835.2547607421875,False,False
2018-06-30,9432.T,79.42282104492188,False,False
2018-06-30,9984.T,3800.838134765625,False,False
2018-06-30,AAPL,43.73821640014648,True,True
2018-06-30,ABBV,67.45167541503906,False,False
2018-06-30,AIR.PA,93.64933013916016,True,True
2018-06-30,ALV.DE,124.90455627441406,False,False
2018-06-30,AMGN,149.1454315185547,True,True
2018-06-30,AMZN,84.98999786376953,True,True
2018-06-30,ASML.AS,158.50205993652344,True,True
2018-06-30,BAC,23.797218322753903,True,True
2018-06-30,BAS.DE,53.80757141113281,False,False
2018-06-30,BAYN.DE,76.3504638671875,False,False
2018-06-30,BMY,42.72134017944336,False,False
2018-06-30,BP.L,575.9671020507812,True,True
2018-06-30,CAT,115.34459686279295,True,True
2018-06-30,CSCO,34.614501953125,True,True
2018-06-30,CVX,93.23760986328124,True,True
2018-06-30,DBK.DE,8.126787185668945,False,False
2018-06-30,FME.DE,73.6139144897461,False,False
2018-06-30,GE,62.64973449707031,False,False
2018-06-30,GOOGL,56.12290954589844,True,True
2018-06-30,GS,187.9475555419922,False,False
2018-06-30,HSBA.L,708.1781005859375,False,False
2018-06-30,IBM,96.70574188232422,False,False
2018-06-30,IFX.DE,20.362329483032227,False,False
2018-06-30,INTU,194.53260803222656,True,True
2018-06-30,JNJ,99.74224853515624,False,False
2018-06-30,JPM,84.99156188964844,True,True
2018-06-30,KO,35.30534362792969,False,False
2018-06-30,LLY,77.10027313232422,False,False
2018-06-30,META,193.25979614257807,True,True
2018-06-30,MMM,127.00930786132812,False,False
2018-06-30,MRK,46.840110778808594,False,False
2018-06-30,MS,37.86835861206055,False,False
2018-06-30,MSFT,91.83708190917967,True,True
2018-06-30,NOVN.SW,47.85306930541992,False,False
2018-06-30,NVDA,5.864803314208984,True,True
2018-06-30,OR.PA,190.9501953125,True,True
2018-06-30,ORCL,39.46368789672852,False,False
2018-06-30,PEP,88.34982299804688,False,False
2018-06-30,PFE,25.017263412475582,True,True
2018-06-30,PG,64.67534637451172,False,False
2018-06-30,ROG.SW,175.4659881591797,False,False
2018-06-30,SAP.DE,89.1408462524414,False,False
2018-06-30,SIE.DE,82.22637176513672,False,False
2018-06-30,UBSG.SW,11.711939811706545,False,False
2018-06-30,ULVR.L,4181.61767578125,False,False
2018-06-30,UNH,220.1894378662109,True,True
2018-06-30,XOM,59.61167907714844,False,False
2018-09-30,6501.T,677.5421752929688,False,False
2018-09-30,6758.T,1336.3529052734375,True,True
2018-09-30,6861.T,32034.60546875,False,False
2018-09-30,7203.T,1173.1834716796875,True,True
2018-09-30,7267.T,890.1015625,False,False
2018-09-30,9432.T,82.25959777832031,False,False
2018-09-30,9984.T,5478.9384765625,True,True
2018-09-30,AAPL,53.52542495727539,True,True
2018-09-30,ABBV,69.55996704101562,False,False
2018-09-30,AIR.PA,101.04712677001952,True,True
2018-09-30,ALV.DE,135.47438049316406,True,True
2018-09-30,AMGN,168.62660217285156,True,True
2018-09-30,AMZN,100.1500015258789,True,True
2018-09-30,ASML.AS,150.28273010253906,True,True
2018-09-30,BAC,24.989526748657227,False,False
2018-09-30,BAS.DE,50.28653717041016,False,False
2018-09-30,BAYN.DE,61.91386795043945,False,False
2018-09-30,BMY,48.271446228027344,False,False
2018-09-30,BP.L,587.00341796875,True,True
2018-09-30,CAT,130.4396209716797,False,False
2018-09-30,CSCO,39.44041442871094,True,True
2018-09-30,CVX,91.0417022705078,True,True
2018-09-30,DBK.DE,8.660818099975586,False,False
2018-09-30,FME.DE,75.4887924194336,True,True
2018-09-30,GE,52.465614318847656,False,False
2018-09-30,GOOGL,59.99419403076172,True,True
2018-09-30,GS,191.70755004882807,False,False
2018-09-30,HSBA.L,667.4954833984375,False,False
2018-09-30,IBM,105.80426788330078,False,False
2018-09-30,IFX.DE,18.254270553588867,False,False
2018-09-30,INTU,216.92404174804688,True,True
2018-09-30,JNJ,114.33351135253906,False,False
2018-09-30,JPM,92.53900146484376,True,True
2018-09-30,KO,37.49713897705078,True,True
2018-09-30,LLY,97.49620819091795,True,True
2018-09-30,META,163.5626983642578,False,False
2018-09-30,MMM,136.95359802246094,False,False
2018-09-30,MRK,55.115482330322266,True,True
2018-09-30,MS,37.42518615722656,False,False
2018-09-30,MSFT,106.92453002929688,True,True
2018-09-30,NOVN.SW,53.650367736816406,True,True
2018-09-30,NVDA,6.960862636566162,True,True
2018-09-30,OR.PA,187.5194091796875,True,True
2018-09-30,ORCL,46.36241912841797,True,True
2018-09-30,PEP,91.47804260253906,False,False
2018-09-30,PFE,30.64769744873047,True,True
2018-09-30,PG,69.58472442626953,False,False
2018-09-30,ROG.SW,189.1500244140625,True,True
2018-09-30,SAP.DE,95.4919662475586,True,True
2018-09-30,SIE.DE,80.13475799560547,False,False
2018-09-30,UBSG.SW,11.845680236816406,False,False
2018-09-30,ULVR.L,4205.888671875,True,True
2018-09-30,UNH,239.57305908203125,True,True
2018-09-30,XOM,61.89365005493164,True,True
2018-12-31,6501.T,515.2655029296875,False,False
2018-12-31,6758.T,1021.7364501953124,True,True
2018-12-31,6861.T,27033.748046875,False,False
2018-12-31,7203.T,1059.2548828125,False,False
2018-12-31,7267.T,756.8604125976562,False,False
2018-12-31,9432.T,71.84090423583984,False,False
2018-12-31,9984.T,3489.42041015625,True,True
2018-12-31,AAPL,37.53238677978516,False,False
2018-12-31,ABBV,68.52754211425781,True,True
2018-12-31,AIR.PA,78.42406463623047,False,False
2018-12-31,ALV.DE,123.57805633544922,True,True
2018-12-31,AMGN,159.4662322998047,True,True
2018-12-31,AMZN,75.09850311279297,True,True
2018-12-31,ASML.AS,128.10928344726562,False,False
2018-12-31,BAC,21.01776123046875,False,False
2018-12-31,BAS.DE,39.67742538452149,False,False
2018-12-31,BAYN.DE,49.00672149658203,False,False
2018-12-31,BMY,40.67771911621094,False,False
2018-12-31,BP.L,494.0899353027344,False,False
2018-12-31,CAT,109.38812255859376,False,False
2018-12-31,CSCO,35.364994049072266,True,True
2018-12-31,CVX,81.7895278930664,False,False
2018-12-31,DBK.DE,6.13959264755249,False,False
2018-12-31,FME.DE,48.26919555664063,False,False
2018-12-31,GE,35.22683334350586,False,False
2018-12-31,GOOGL,51.9365234375,True,True
2018-12-31,GS,143.39291381835938,False,False
2018-12-31,HSBA.L,644.7509155273438,False,False
2018-12-31,IBM,80.54987335205078,False,False
2018-12-31,IFX.DE,16.197519302368164,False,False
2018-12-31,INTU,188.1884613037109,True,True
2018-12-31,JNJ,107.4668960571289,True,True
2018-12-31,JPM,80.61786651611328,False,False
2018-12-31,KO,38.742794036865234,True,True
2018-12-31,LLY,105.66641998291016,True,True
2018-12-31,META,130.374755859375,False,False
2018-12-31,MMM,124.68956756591795,False,False
2018-12-31,MRK,59.78142547607422,True,True
2018-12-31,MS,32.08304214477539,False,False
2018-12-31,MSFT,95.36801147460938,True,True
2018-12-31,NOVN.SW,53.42152404785156,True,True
2018-12-31,NVDA,3.310102939605713,False,False
2018-12-31,OR.PA,181.6509704589844,True,True
2018-12-31,ORCL,40.76205062866211,True,True
2018-12-31,PEP,91.1157684326172,True,True
2018-12-31,PFE,30.58986091613769,True,True
2018-12-31,PG,77.52908325195312,True,True
2018-12-31,ROG.SW,193.6450653076172,True,True
2018-12-31,SAP.DE,78.31241607666016,True,True
2018-12-31,SIE.DE,70.72252655029297,False,False
2018-12-31,UBSG.SW,9.350444793701172,False,False
2018-12-31,ULVR.L,4098.982421875,True,True
2018-12-31,UNH,225.05316162109372,True,True
2018-12-31,XOM,50.144805908203125,False,False
2019-03-31,6501.T,637.29345703125,False,False
2019-03-31,6758.T,894.8646850585938,False,False
2019-03-31,6861.T,33536.68359375,False,False
2019-03-31,7203.T,1092.0955810546875,False,False
2019-03-31,7267.T,790.3762817382812,False,False
2019-03-31,9432.T,76.88490295410156,False,False
2019-03-31,9984.T,5143.28369140625,False,False
2019-03-31,AAPL,45.39021682739258,False,False
2019-03-31,ABBV,60.63965606689453,False,False
2019-03-31,AIR.PA,110.126220703125,False,False
2019-03-31,ALV.DE,139.905517578125,True,True
2019-03-31,AMGN,156.82769775390625,False,False
2019-03-31,AMZN,89.0374984741211,False,False
2019-03-31,ASML.AS,156.16700744628906,False,False
2019-03-31,BAC,23.654247283935547,False,False
2019-03-31,BAS.DE,43.0473747253418,False,False
2019-03-31,BAYN.DE,46.61140441894531,False,False
2019-03-31,BMY,37.63043212890625,False,False
2019-03-31,BP.L,556.4835815429688,False,False
2019-03-31,CAT,117.38687133789062,False,False
2019-03-31,CSCO,44.40663909912109,True,True
2019-03-31,CVX,93.5390167236328,False,False
2019-03-31,DBK.DE,6.397796154022217,False,False
2019-03-31,FME.DE,61.273921966552734,False,False
2019-03-31,GE,48.39899444580078,False,False
2019-03-31,GOOGL,58.493690490722656,False,False
2019-03-31,GS,165.466552734375,False,False
2019-03-31,HSBA.L,621.383056640625,False,False
2019-03-31,IBM,101.1525650024414,False,False
2019-03-31,IFX.DE,16.72576332092285,False,False
2019-03-31,INTU,250.48553466796875,True,True
2019-03-31,JNJ,117.18273162841795,True,True
2019-03-31,JPM,84.27802276611328,False,False
2019-03-31,KO,38.67658233642578,True,True
2019-03-31,LLY,119.12882995605467,True,True
2019-03-31,META,165.780517578125,False,False
2019-03-31,MMM,136.91152954101562,False,False
2019-03-31,MRK,65.51187133789062,True,True
2019-03-31,MS,34.38918685913086,False,False
2019-03-31,MSFT,111.2114028930664,False,False
2019-03-31,NOVN.SW,63.28436279296875,True,True
2019-03-31,NVDA,4.4567389488220215,False,False
2019-03-31,OR.PA,216.50051879882807,True,True
2019-03-31,ORCL,48.682106018066406,False,False
2019-03-31,PEP,101.88975524902344,True,True
2019-03-31,PFE,30.022859573364254,True,True
2019-03-31,PG,88.45413970947266,True,True
2019-03-31,ROG.SW,224.30941772460935,True,True
2019-03-31,SAP.DE,92.7893524169922,False,False
2019-03-31,SIE.DE,72.75018310546875,False,False
2019-03-31,UBSG.SW,9.243453025817873,False,False
2019-03-31,ULVR.L,4385.1650390625,True,True
2019-03-31,UNH,224.2254180908203,False,False
2019-03-31,XOM,60.077484130859375,False,False
2019-06-30,6501.T,702.0005493164062,True,True
2019-06-30,6758.T,1088.0938720703125,False,False
2019-06-30,6861.T,32155.73046875,True,True
2019-06-30,7203.T,1125.933837890625,False,False
2019-06-30,7267.T,742.4749145507812,False,False
2019-06-30,9432.T,82.01819610595703,True,True
2019-06-30,9984.T,4944.63623046875,True,True
2019-06-30,AAPL,47.47684097290039,True,True
2019-06-30,ABBV,55.44340515136719,False,False
2019-06-30,AIR.PA,118.10225677490234,True,True
2019-06-30,ALV.DE,156.31768798828125,True,True
2019-06-30,AMGN,153.43206787109375,False,False
2019-06-30,AMZN,94.68150329589844,True,True
2019-06-30,ASML.AS,173.5821533203125,True,True
2019-06-30,BAC,24.99744987487793,True,True
2019-06-30,BAS.DE,43.91836929321289,False,False
2019-06-30,BAYN.DE,51.6649169921875,False,False
2019-06-30,BMY,36.084617614746094,False,False
2019-06-30,BP.L,546.7012329101562,True,True
2019-06-30,CAT,118.7956771850586,False,False
2019-06-30,CSCO,45.30030059814453,True,True
2019-06-30,CVX,95.42555236816406,True,True
2019-06-30,DBK.DE,6.078351020812988,False,False
2019-06-30,FME.DE,59.82439041137695,False,False
2019-06-30,GE,50.91877365112305,True,True
2019-06-30,GOOGL,53.81724166870117,False,False
2019-06-30,GS,177.1292266845703,True,True
2019-06-30,HSBA.L,654.9571533203125,False,False
2019-06-30,IBM,100.03282928466795,True,True
2019-06-30,IFX.DE,14.70656681060791,False,False
2019-06-30,INTU,250.8609619140625,True,True
2019-06-30,JNJ,117.55411529541016,True,True
2019-06-30,JPM,93.79017639160156,True,True
2019-06-30,KO,42.35564804077149,True,True
2019-06-30,LLY,102.28365325927734,False,False
2019-06-30,META,191.94696044921875,True,True
2019-06-30,MMM,115.19541931152344,False,False
2019-06-30,MRK,66.48861694335938,True,True
2019-06-30,MS,35.92625427246094,True,True
2019-06-30,MSFT,126.78500366210938,True,True
2019-06-30,NOVN.SW,66.62955474853516,True,True
2019-06-30,NVDA,4.080896377563477,False,False
2019-06-30,OR.PA,229.79112243652344,True,True
2019-06-30,ORCL,51.868202209472656,True,True
2019-06-30,PEP,109.82152557373048,True,True
2019-06-30,PFE,30.89534568786621,False,False
2019-06-30,PG,93.87279510498048,True,True
2019-06-30,ROG.SW,225.4999237060547,True,True
2019-06-30,SAP.DE,110.2528305053711,True,True
2019-06-30,SIE.DE,79.31696319580078,True,True
2019-06-30,UBSG.SW,9.347518920898438,False,False
2019-06-30,ULVR.L,4883.91943359375,True,True
2019-06-30,UNH,222.25811767578125,False,False
2019-06-30,XOM,57.63003158569336,True,True
2019-09-30,6501.T,723.1073608398438,True,True
2019-09-30,6758.T,1226.566162109375,True,True
2019-09-30,6861.T,32578.716796875,False,False
2019-09-30,7203.T,1231.4058837890625,True,True
2019-09-30,7267.T,753.3515014648438,False,False
2019-09-30,9432.T,85.80374145507812,True,True
2019-09-30,9984.T,4079.308837890625,True,True
2019-09-30,AAPL,53.9298210144043,True,True
2019-09-30,ABBV,58.61099624633789,False,False
2019-09-30,AIR.PA,112.91136932373048,True,True
2019-09-30,ALV.DE,157.6818084716797,True,True
2019-09-30,AMGN,162.2584228515625,False,False
2019-09-30,AMZN,86.79550170898438,False,False
2019-09-30,ASML.AS,214.68675231933597,True,True
2019-09-30,BAC,25.309715270996094,True,True
2019-09-30,BAS.DE,44.0557861328125,True,True
2019-09-30,BAYN.DE,54.84416580200195,True,True
2019-09-30,BMY,40.70705795288086,False,False
2019-09-30,BP.L,514.0996704101562,False,False
2019-09-30,CAT,110.94390106201172,True,True
2019-09-30,CSCO,41.15501403808594,True,True
2019-09-30,CVX,91.88214111328124,True,True
2019-09-30,DBK.DE,6.159933090209961,False,False
2019-09-30,FME.DE,53.464149475097656,True,True
2019-09-30,GE,43.400577545166016,False,False
2019-09-30,GOOGL,60.69300079345703,True,True
2019-09-30,GS,180.53208923339844,True,True
2019-09-30,HSBA.L,622.8357543945312,False,False
2019-09-30,IBM,106.73075103759766,True,True
2019-09-30,IFX.DE,15.616388320922852,False,False
2019-09-30,INTU,255.72964477539065,True,True
2019-09-30,JNJ,110.0166244506836,True,True
2019-09-30,JPM,99.43034362792967,True,True
2019-09-30,KO,45.61468124389648,True,True
2019-09-30,LLY,103.82257080078124,False,False
2019-09-30,META,177.10838317871094,True,True
2019-09-30,MMM,110.25391387939452,False,False
2019-09-30,MRK,67.19388580322266,True,True
2019-09-30,MS,35.264286041259766,True,True
2019-09-30,MSFT,132.0216522216797,True,True
2019-09-30,NOVN.SW,64.64261627197266,True,True
2019-09-30,NVDA,4.329687595367432,False,False
2019-09-30,OR.PA,235.66204833984372,True,True
2019-09-30,ORCL,50.30472183227539,True,True
2019-09-30,PEP,115.6148910522461,True,True
2019-09-30,PFE,25.86461067199707,False,False
2019-09-30,PG,107.17292785644533,True,True
2019-09-30,ROG.SW,238.4724273681641,True,True
2019-09-30,SAP.DE,98.49349975585938,True,True
2019-09-30,SIE.DE,74.5018310546875,True,True
2019-09-30,UBSG.SW,9.1299467086792,False,False
2019-09-30,ULVR.L,4879.80029296875,True,True
2019-09-30,UNH,198.8808441162109,False,False
2019-09-30,XOM,53.76293563842773,True,True
2019-12-31,6501.T,831.4925537109375,True,True
2019-12-31,6758.T,1430.2530517578125,True,True
2019-12-31,6861.T,37487.4453125,True,True
2019-12-31,7203.T,1316.38916015625,True,True
2019-12-31,7267.T,841.746826171875,True,True
2019-12-31,9432.T,91.76139831542967,True,True
2019-12-31,9984.T,4575.7548828125,False,False
2019-12-31,AAPL,70.92037200927734,True,True
2019-12-31,ABBV,69.53363037109375,True,True
2019-12-31,AIR.PA,123.59626770019533,True,True
2019-12-31,ALV.DE,161.03671264648438,True,True
2019-12-31,AMGN,203.48069763183597,True,True
2019-12-31,AMZN,92.39199829101562,False,False
2019-12-31,ASML.AS,250.21751403808597,True,True
2019-12-31,BAC,30.725908279418945,True,True
2019-12-31,BAS.DE,46.27506637573242,False,False
2019-12-31,BAYN.DE,61.728302001953125,True,True
2019-12-31,BMY,51.96094512939453,True,True
2019-12-31,BP.L,470.1168212890625,False,False
2019-12-31,CAT,130.73370361328125,True,True
2019-12-31,CSCO,40.24981689453125,False,False
2019-12-31,CVX,94.2817611694336,False,False
2019-12-31,DBK.DE,6.201172351837158,False,False
2019-12-31,FME.DE,57.15551376342773,False,False
2019-12-31,GE,54.227012634277344,False,False
2019-12-31,GOOGL,66.57025146484375,True,True
2019-12-31,GS,201.4369354248047,True,True
2019-12-31,HSBA.L,590.3043212890625,False,False
2019-12-31,IBM,99.54036712646484,False,False
2019-12-31,IFX.DE,19.208383560180664,True,True
2019-12-31,INTU,252.3861541748047,False,False
2019-12-31,JNJ,124.8980484008789,True,True
2019-12-31,JPM,118.71548461914062,True,True
2019-12-31,KO,46.72358322143555,True,True
2019-12-31,LLY,122.720947265625,True,True
2019-12-31,META,204.130126953125,True,True
2019-12-31,MMM,119.33941650390624,False,False
2019-12-31,MRK,73.09561157226562,True,True
2019-12-31,MS,42.56583786010742,True,True
2019-12-31,MSFT,150.26004028320312,True,True
2019-12-31,NOVN.SW,68.6463623046875,True,True
2019-12-31,NVDA,5.856997013092041,True,True
2019-12-31,OR.PA,242.17507934570312,False,False
2019-12-31,ORCL,48.646766662597656,False,False
2019-12-31,PEP,116.0595474243164,True,True
2019-12-31,PFE,28.476736068725582,False,False
2019-12-31,PG,108.3084716796875,True,True
2019-12-31,ROG.SW,257.8080444335937,True,True
2019-12-31,SAP.DE,109.85110473632812,False,True
2019-12-31,SIE.DE,88.37092590332031,True,True
2019-12-31,UBSG.SW,9.851157188415527,True,True
2019-12-31,ULVR.L,4341.76025390625,False,False
2019-12-31,UNH,270.0706787109375,True,True
2019-12-31,XOM,53.77172088623047,False,False
2020-03-31,6501.T,573.7520141601562,False,False
2020-03-31,6758.T,1245.5225830078125,True,True
2020-03-31,6861.T,34033.85546875,True,True
2020-03-31,7203.T,1128.6600341796875,True,True
2020-03-31,7267.T,667.318359375,True,True
2020-03-31,9432.T,87.25557708740234,True,True
2020-03-31,9984.T,3665.184326171875,False,False
2020-03-31,AAPL,61.56016159057617,True,True
2020-03-31,ABBV,60.64311599731445,True,True
2020-03-31,AIR.PA,56.20940017700195,False,False
2020-03-31,ALV.DE,115.67508697509766,False,False
2020-03-31,AMGN,172.33360290527344,True,True
2020-03-31,AMZN,97.48600006103516,True,True
2020-03-31,ASML.AS,230.0539703369141,True,True
2020-03-31,BAC,18.639217376708984,False,False
2020-03-31,BAS.DE,29.64421272277832,False,False
2020-03-31,BAYN.DE,44.80621337890625,True,True
2020-03-31,BMY,45.4393424987793,True,True
2020-03-31,BP.L,343.17657470703125,False,False
2020-03-31,CAT,103.44499969482422,True,True
2020-03-31,CSCO,33.232948303222656,False,False
2020-03-31,CVX,57.35213851928711,False,False
2020-03-31,DBK.DE,5.351279258728027,False,False
2020-03-31,FME.DE,52.16436767578125,False,False
2020-03-31,GE,38.61919021606445,False,False
2020-03-31,GOOGL,57.75114440917969,True,True
2020-03-31,GS,136.26121520996094,False,False
2020-03-31,HSBA.L,453.0253601074219,False,False
2020-03-31,IBM,83.23870849609375,False,False
2020-03-31,IFX.DE,12.861398696899414,True,True
2020-03-31,INTU,222.05084228515625,False,False
2020-03-31,JNJ,112.99321746826172,True,True
2020-03-31,JPM,77.163330078125,False,False
2020-03-31,KO,37.6811408996582,False,False
2020-03-31,LLY,130.19924926757812,True,True
2020-03-31,META,165.8899383544922,True,True
2020-03-31,MMM,93.178466796875,False,False
2020-03-31,MRK,62.346771240234375,True,True
2020-03-31,MS,28.49642372131348,False,False
2020-03-31,MSFT,150.68006896972656,True,True
2020-03-31,NOVN.SW,61.99870681762695,False,False
2020-03-31,NVDA,6.565353393554688,True,True
2020-03-31,OR.PA,219.1501007080078,False,False
2020-03-31,ORCL,44.57461929321289,False,False
2020-03-31,PEP,102.6770477294922,False,False
2020-03-31,PFE,23.965681076049805,False,False
2020-03-31,PG,95.95447540283205,True,True
2020-03-31,ROG.SW,266.1017150878906,True,True
2020-03-31,SAP.DE,93.85549926757812,False,False
2020-03-31,SHL.DE,33.07756805419922,True,True
2020-03-31,SIE.DE,61.06784057617188,False,False
2020-03-31,UBSG.SW,7.28945255279541,False,False
2020-03-31,ULVR.L,4067.6171875,False,False
2020-03-31,UNH,230.09036254882807,True,True
2020-03-31,XOM,29.679332733154297,False,False
2020-06-30,6501.T,621.2147216796875,False,False
2020-06-30,6758.T,1432.3218994140625,False,False
2020-06-30,6861.T,44000.703125,False,False
2020-06-30,7203.T,1173.97314453125,False,False
2020-06-30,7267.T,759.7164916992188,False,False
2020-06-30,9432.T,85.22283172607422,False,False
2020-06-30,9984.T,5273.298828125,False,False
2020-06-30,AAPL,88.55220031738281,True,True
2020-06-30,ABBV,79.31145477294922,False,False
2020-06-30,AIR.PA,60.16887664794922,False,False
2020-06-30,ALV.DE,142.49476623535156,False,False
2020-06-30,AMGN,201.8533172607422,False,False
2020-06-30,AMZN,137.9409942626953,True,True
2020-06-30,ASML.AS,311.7469787597656,True,True
2020-06-30,BAC,20.99711036682129,False,False
2020-06-30,BAS.DE,36.501983642578125,False,False
2020-06-30,BAYN.DE,58.37015151977539,False,False
2020-06-30,BMY,48.33057403564453,False,False
2020-06-30,BP.L,306.36798095703125,False,False
2020-06-30,CAT,113.80496215820312,False,False
2020-06-30,CSCO,39.80362319946289,False,False
2020-06-30,CVX,71.66244506835938,False,False
2020-06-30,DBK.DE,7.588076114654541,True,False
2020-06-30,FME.DE,66.11531829833984,False,False
2020-06-30,GE,33.27008056640625,False,False
2020-06-30,GOOGL,70.47980499267578,False,False
2020-06-30,GS,175.27825927734375,False,False
2020-06-30,HSBA.L,377.5793762207031,False,False
2020-06-30,IBM,91.83772277832033,False,False
2020-06-30,IFX.DE,19.99118995666504,False,False
2020-06-30,INTU,286.5707702636719,False,False
2020-06-30,JNJ,122.0192413330078,False,False
2020-06-30,JPM,81.45510864257812,False,False
2020-06-30,KO,38.392974853515625,False,False
2020-06-30,LLY,154.82077026367188,True,False
2020-06-30,META,225.8311004638672,False,False
2020-06-30,MMM,107.53111267089844,False,False
2020-06-30,MRK,63.16088485717773,False,False
2020-06-30,MS,40.83785629272461,False,False
2020-06-30,MSFT,194.97999572753903,True,True
2020-06-30,NOVN.SW,63.9941520690918,False,False
2020-06-30,NVDA,9.466548919677734,True,True
2020-06-30,OR.PA,262.0811767578125,False,False
2020-06-30,ORCL,51.21751022338867,False,False
2020-06-30,PEP,113.95060729980467,False,False
2020-06-30,PFE,24.2490177154541,False,False
2020-06-30,PG,104.99810028076172,False,False
2020-06-30,ROG.SW,278.2184143066406,False,False
2020-06-30,SAP.DE,115.1540985107422,False,False
2020-06-30,SHL.DE,39.13880920410156,False,False
2020-06-30,SIE.DE,82.57991790771484,False,False
2020-06-30,UBSG.SW,9.116613388061523,False,False
2020-06-30,ULVR.L,4346.94921875,False,False
2020-06-30,UNH,273.3075866699219,False,False
2020-06-30,XOM,35.63325500488281,False,False
2020-09-30,6501.T,655.5714111328125,False,False
2020-09-30,6758.T,1562.79541015625,True,True
2020-09-30,6861.T,47966.1328125,True,True
2020-09-30,7203.T,1220.4881591796875,False,False
2020-09-30,7267.T,687.2606201171875,False,False
2020-09-30,9432.T,74.46157836914062,False,False
2020-09-30,9984.T,6281.0517578125,True,True
2020-09-30,AAPL,112.65044403076172,True,True
2020-09-30,ABBV,71.6202621459961,True,True
2020-09-30,AIR.PA,58.79537582397461,False,False
2020-09-30,ALV.DE,128.2735137939453,False,False
2020-09-30,AMGN,218.97186279296875,True,True
2020-09-30,AMZN,157.43649291992188,True,True
2020-09-30,ASML.AS,300.1125183105469,True,True
2020-09-30,BAC,21.4460563659668,False,False
2020-09-30,BAS.DE,38.03875732421875,False,False
2020-09-30,BAYN.DE,47.29766082763672,False,False
2020-09-30,BMY,49.933380126953125,True,True
2020-09-30,BP.L,224.6192169189453,False,False
2020-09-30,CAT,135.18678283691406,True,True
2020-09-30,CSCO,33.88112258911133,False,False
2020-09-30,CVX,58.65830993652344,False,False
2020-09-30,DBK.DE,6.445920467376709,True,True
2020-09-30,FME.DE,63.45166015625,True,True
2020-09-30,GE,30.39754867553711,False,False
2020-09-30,GOOGL,72.84313201904297,True,True
2020-09-30,GS,179.32870483398438,True,True
2020-09-30,HSBA.L,300.6872253417969,False,False
2020-09-30,IBM,93.73353576660156,True,True
2020-09-30,IFX.DE,23.09401512145996,True,True
2020-09-30,INTU,316.1556701660156,True,True
2020-09-30,JNJ,130.03726196289062,True,True
2020-09-30,JPM,84.18132019042969,False,False
2020-09-30,KO,42.76642227172852,False,False
2020-09-30,LLY,140.2624053955078,False,False
2020-09-30,META,260.4710388183594,True,True
2020-09-30,MMM,111.42453002929688,True,True
2020-09-30,MRK,68.24391174316406,False,False
2020-09-30,MS,41.164920806884766,True,True
2020-09-30,MSFT,202.00128173828125,True,True
2020-09-30,NOVN.SW,62.0452880859375,False,False
2020-09-30,NVDA,13.490081787109377,True,True
2020-09-30,OR.PA,257.99859619140625,True,True
2020-09-30,ORCL,55.55657958984375,True,True
2020-09-30,PEP,120.27164459228516,True,True
2020-09-30,PFE,27.481246948242188,False,False
2020-09-30,PG,122.82162475585938,True,True
2020-09-30,ROG.SW,267.0337829589844,True,True
2020-09-30,SAP.DE,122.97183227539062,True,True
2020-09-30,SHL.DE,35.14692306518555,False,False
2020-09-30,SIE.DE,94.33516693115234,True,True
2020-09-30,UBSG.SW,8.610831260681152,True,True
2020-09-30,ULVR.L,4767.54931640625,True,True
2020-09-30,UNH,290.083740234375,True,True
2020-09-30,XOM,27.894062042236328,False,False
2020-12-31,6501.T,752.1585083007812,True,True
2020-12-31,6758.T,2001.1644287109373,True,True
2020-12-31,6861.T,56799.421875,True,True
2020-12-31,7203.T,1400.955810546875,True,True
2020-12-31,7267.T,806.6909790039062,True,True
2020-12-31,9432.T,91.62237548828124,False,True
2020-12-31,9984.T,7823.88671875,True,True
2020-12-31,AAPL,129.29261779785156,True,True
2020-12-31,ABBV,88.8071517944336,True,True
2020-12-31,AIR.PA,85.0434799194336,True,True
2020-12-31,ALV.DE,157.34320068359375,True,True
2020-12-31,AMGN,199.43344116210935,True,True
2020-12-31,AMZN,162.84649658203125,True,True
2020-12-31,ASML.AS,380.5858459472656,True,True
2020-12-31,BAC,27.15157890319824,True,True
2020-12-31,BAS.DE,47.36183547973633,True,True
2020-12-31,BAYN.DE,42.72404098510742,False,False
2020-12-31,BMY,52.17368316650391,True,True
2020-12-31,BP.L,254.19064331054688,False,False
2020-12-31,CAT,165.98727416992188,True,True
2020-12-31,CSCO,38.846527099609375,False,True
2020-12-31,CVX,69.81367492675781,False,True
2020-12-31,DBK.DE,8.0228853225708,True,True
2020-12-31,FME.DE,60.086124420166016,True,True
2020-12-31,GE,52.74406051635742,True,True
2020-12-31,GOOGL,87.10957336425781,True,True
2020-12-31,GS,236.59515380859372,True,True
2020-12-31,HSBA.L,377.8286743164063,False,False
2020-12-31,IBM,98.38311004638672,False,True
2020-12-31,IFX.DE,30.061006546020508,True,True
2020-12-31,INTU,368.7920837402344,True,True
2020-12-31,JNJ,138.41659545898438,True,True
2020-12-31,JPM,112.14484405517578,True,True
2020-12-31,KO,47.87726593017578,True,True
2020-12-31,LLY,160.81332397460938,False,True
2020-12-31,META,271.66961669921875,True,True
2020-12-31,MMM,122.6393814086914,True,True
2020-12-31,MRK,67.82923126220703,True,True
2020-12-31,MS,58.77852249145508,True,True
2020-12-31,MSFT,214.1717834472656,False,True
2020-12-31,NOVN.SW,64.94918823242188,True,True
2020-12-31,NVDA,13.019848823547363,True,True
2020-12-31,OR.PA,288.85430908203125,False,True
2020-12-31,ORCL,60.44403839111328,True,True
2020-12-31,PEP,129.60572814941406,True,True
2020-12-31,PFE,29.350828170776367,True,True
2020-12-31,PG,123.63688659667967,True,True
2020-12-31,ROG.SW,261.8227233886719,False,False
2020-12-31,SAP.DE,99.31484985351562,False,False
2020-12-31,SHL.DE,38.523963928222656,True,True
2020-12-31,SIE.DE,102.76481628417967,True,True
2020-12-31,UBSG.SW,10.719244956970217,True,True
2020-12-31,ULVR.L,4384.59033203125,True,True
2020-12-31,UNH,327.4612121582031,True,True
2020-12-31,XOM,34.30042266845703,False,True
2021-03-31,6501.T,935.5291137695312,True,True
2021-03-31,6758.T,2261.884765625,True,True
2021-03-31,6861.T,49327.36328125,False,False
2021-03-31,7203.T,1541.5679931640625,True,True
2021-03-31,7267.T,935.8139038085938,True,True
2021-03-31,9432.T,100.0989227294922,True,True
2021-03-31,9984.T,9080.9326171875,True,True
2021-03-31,AAPL,119.2003173828125,True,True
2021-03-31,ABBV,90.7430419921875,True,True
2021-03-31,AIR.PA,91.44685363769533,True,True
2021-03-31,ALV.DE,170.16116333007812,True,True
2021-03-31,AMGN,217.4234619140625,False,True
2021-03-31,AMZN,154.70399475097656,False,True
2021-03-31,ASML.AS,494.9387512207031,True,True
2021-03-31,BAC,34.83049774169922,True,True
2021-03-31,BAS.DE,51.84042739868164,True,True
2021-03-31,BAYN.DE,47.87434768676758,False,False
2021-03-31,BMY,53.51306915283203,True,True
2021-03-31,BP.L,293.9847412109375,True,False
2021-03-31,CAT,212.5713653564453,True,True
2021-03-31,CSCO,45.25239944458008,True,True
2021-03-31,CVX,87.85301208496094,True,True
2021-03-31,DBK.DE,9.133661270141602,True,True
2021-03-31,FME.DE,55.25809860229492,False,False
2021-03-31,GE,64.1703872680664,True,True
2021-03-31,GOOGL,102.5112075805664,True,True
2021-03-31,GS,294.53009033203125,True,True
2021-03-31,HSBA.L,422.16119384765625,True,True
2021-03-31,IBM,105.54280853271484,True,True
2021-03-31,IFX.DE,34.841094970703125,True,True
2021-03-31,INTU,372.5048522949219,True,True
2021-03-31,JNJ,145.44818115234375,True,True
2021-03-31,JPM,135.31716918945312,True,True
2021-03-31,KO,46.40071868896485,True,True
2021-03-31,LLY,178.68165588378906,True,True
2021-03-31,META,292.92303466796875,True,True
2021-03-31,MMM,136.3057098388672,True,True
2021-03-31,MRK,64.48528289794922,True,True
2021-03-31,MS,66.9518814086914,True,True
2021-03-31,MSFT,227.5496063232422,True,True
2021-03-31,NOVN.SW,65.27057647705078,True,True
2021-03-31,NVDA,13.31690502166748,False,True
2021-03-31,OR.PA,303.7245178222656,True,True
2021-03-31,ORCL,65.8152084350586,True,True
2021-03-31,PEP,124.6063003540039,True,True
2021-03-31,PFE,29.20262336730957,True,True
2021-03-31,PG,121.06608581542967,True,True
2021-03-31,ROG.SW,266.6160583496094,False,False
2021-03-31,SAP.DE,96.7212905883789,False,False
2021-03-31,SHL.DE,43.10271835327149,True,True
2021-03-31,SIE.DE,125.65615844726562,True,True
2021-03-31,UBSG.SW,12.580283164978027,True,True
2021-03-31,ULVR.L,4049.5537109375,False,False
2021-03-31,UNH,348.6692199707031,True,True
2021-03-31,XOM,47.24681854248047,True,True
2021-06-30,6501.T,1189.2286376953125,True,True
2021-06-30,6758.T,2109.7265625,True,True
2021-06-30,6861.T,55018.6015625,False,True
2021-06-30,7203.T,1737.3056640625,True,True
2021-06-30,7267.T,1016.3406372070312,True,True
2021-06-30,9432.T,101.9480438232422,True,True
2021-06-30,9984.T,7567.44287109375,True,True
2021-06-30,AAPL,133.87974548339844,False,True
2021-06-30,ABBV,95.59759521484376,False,True
2021-06-30,AIR.PA,102.71903228759766,True,True
2021-06-30,ALV.DE,172.33863830566406,True,True
2021-06-30,AMGN,214.4993896484375,False,False
2021-06-30,AMZN,172.00799560546875,False,True
2021-06-30,ASML.AS,556.269287109375,True,True
2021-06-30,BAC,37.27336502075195,True,True
2021-06-30,BAS.DE,51.00743103027344,False,True
2021-06-30,BAYN.DE,47.1726188659668,True,False
2021-06-30,BMY,56.64095306396485,True,True
2021-06-30,BP.L,314.3254699707031,True,True
2021-06-30,CAT,200.41848754882807,True,True
2021-06-30,CSCO,46.71382141113281,True,True
2021-06-30,CVX,88.88597106933594,True,True
2021-06-30,DBK.DE,9.849079132080078,True,True
2021-06-30,FME.DE,62.95515441894531,False,False
2021-06-30,GE,65.8332748413086,True,True
2021-06-30,GOOGL,121.36165618896484,True,True
2021-06-30,GS,342.99859619140625,True,True
2021-06-30,HSBA.L,416.2757263183594,True,True
2021-06-30,IBM,117.39743041992188,True,True
2021-06-30,IFX.DE,32.5909538269043,True,True
2021-06-30,INTU,477.3481750488281,True,True
2021-06-30,JNJ,146.70286560058594,True,True
2021-06-30,JPM,139.07373046875,True,True
2021-06-30,KO,47.99206161499024,True,True
2021-06-30,LLY,220.4916076660156,True,True
2021-06-30,META,345.8128356933594,True,True
2021-06-30,MMM,141.5489044189453,True,True
2021-06-30,MRK,68.76273345947266,False,False
2021-06-30,MS,79.38317108154297,True,True
2021-06-30,MSFT,262.0584716796875,True,True
2021-06-30,NOVN.SW,68.13933563232422,True,True
2021-06-30,NVDA,19.960102081298828,True,True
2021-06-30,OR.PA,353.3887939453125,True,True
2021-06-30,ORCL,73.3250961303711,True,True
2021-06-30,PEP,131.47967529296875,True,True
2021-06-30,PFE,31.87532615661621,True,True
2021-06-30,PG,121.39083862304688,False,False
2021-06-30,ROG.SW,304.2364501953125,True,True
2021-06-30,SAP.DE,111.91756439208984,False,False
2021-06-30,SHL.DE,48.21533584594727,True,True
2021-06-30,SIE.DE,119.92982482910156,True,True
2021-06-30,UBSG.SW,12.483534812927246,True,True
2021-06-30,ULVR.L,4224.14208984375,False,False
2021-06-30,UNH,376.6293029785156,True,True
2021-06-30,XOM,54.159889221191406,True,True
2021-09-30,6501.T,1252.2266845703125,True,True
2021-09-30,6758.T,2435.302978515625,True,True
2021-09-30,6861.T,65830.828125,True,True
2021-09-30,7203.T,1810.1082763671875,True,True
2021-09-30,7267.T,1004.6864013671876,True,True
2021-09-30,9432.T,110.55309295654295,True,True
2021-09-30,9984.T,6327.53955078125,False,False
2021-09-30,AAPL,138.52484130859375,True,True
2021-09-30,ABBV,92.56991577148438,True,True
2021-09-30,AIR.PA,109.02767181396484,True,True
2021-09-30,ALV.DE,159.66934204101562,True,True
2021-09-30,AMGN,188.5765380859375,False,False
2021-09-30,AMZN,164.2519989013672,True,True
2021-09-30,ASML.AS,620.114501953125,True,True
2021-09-30,BAC,38.57294464111328,True,True
2021-09-30,BAS.DE,50.55447006225586,False,True
2021-09-30,BAYN.DE,43.29914093017578,False,False
2021-09-30,BMY,50.938594818115234,False,False
2021-09-30,BP.L,339.61431884765625,True,True
2021-09-30,CAT,177.73658752441406,False,True
2021-09-30,CSCO,48.308685302734375,True,True
2021-09-30,CVX,87.25469970703125,True,True
2021-09-30,DBK.DE,9.895697593688965,True,True
2021-09-30,FME.DE,54.7037467956543,False,False
2021-09-30,GE,63.039329528808594,False,True
2021-09-30,GOOGL,132.8790740966797,True,True
2021-09-30,GS,343.30303955078125,True,True
2021-09-30,HSBA.L,389.1417236328125,True,True
2021-09-30,IBM,112.54383850097656,True,True
2021-09-30,IFX.DE,34.23399353027344,False,True
2021-09-30,INTU,526.0108032226562,True,True
2021-09-30,JNJ,144.67225646972656,True,True
2021-09-30,JPM,147.20436096191406,True,True
2021-09-30,KO,46.888710021972656,True,False
2021-09-30,LLY,222.6781005859375,True,True
2021-09-30,META,337.5382995605469,True,True
2021-09-30,MMM,125.96309661865234,True,True
2021-09-30,MRK,67.00596618652344,True,False
2021-09-30,MS,84.86721801757812,True,True
2021-09-30,MSFT,273.24090576171875,True,True
2021-09-30,NOVN.SW,62.08663940429688,False,False
2021-09-30,NVDA,20.67572784423828,True,True
2021-09-30,OR.PA,335.5688781738281,True,True
2021-09-30,ORCL,82.37904357910156,True,True
2021-09-30,PEP,134.3821563720703,True,True
2021-09-30,PFE,35.32621765136719,True,True
2021-09-30,PG,126.56321716308594,True,True
2021-09-30,ROG.SW,298.4755554199219,True,True
2021-09-30,SAP.DE,110.07173919677734,True,True
2021-09-30,SHL.DE,52.41364669799805,True,True
2021-09-30,SIE.DE,127.37943267822266,True,True
2021-09-30,UBSG.SW,13.22408390045166,True,True
2021-09-30,ULVR.L,3999.338623046875,False,False
2021-09-30,UNH,368.7961120605469,True,True
2021-09-30,XOM,51.26668167114258,True,True
2021-12-31,6501.T,1174.9053955078125,False,True
2021-12-31,6758.T,2830.269775390625,True,True
2021-12-31,6861.T,71018.6953125,True,True
2021-12-31,7203.T,1905.5916748046875,True,True
2021-12-31,7267.T,939.2581176757812,False,False
2021-12-31,9432.T,112.88241577148438,True,True
2021-12-31,9984.T,5306.150390625,False,False
2021-12-31,AAPL,174.0901641845703,True,True
2021-12-31,ABBV,117.60381317138672,True,True
2021-12-31,AIR.PA,106.43223571777344,True,True
2021-12-31,ALV.DE,170.1669921875,False,True
2021-12-31,AMGN,201.1767578125,False,False
2021-12-31,AMZN,166.7169952392578,False,True
2021-12-31,ASML.AS,680.2449340820312,True,True
2021-12-31,BAC,40.62120819091797,True,True
2021-12-31,BAS.DE,47.42984771728516,False,False
2021-12-31,BAYN.DE,43.294532775878906,False,False
2021-12-31,BMY,53.67620849609375,False,False
2021-12-31,BP.L,329.8730163574219,False,False
2021-12-31,CAT,192.4683532714844,False,False
2021-12-31,CSCO,56.62322998046875,True,True
2021-12-31,CVX,102.09642791748048,True,True
2021-12-31,DBK.DE,9.877766609191896,True,True
2021-12-31,FME.DE,51.36003875732422,False,False
2021-12-31,GE,57.85247802734375,False,False
2021-12-31,GOOGL,143.9884490966797,True,True
2021-12-31,GS,349.2411499023437,True,True
2021-12-31,HSBA.L,447.6053161621094,False,True
2021-12-31,IBM,114.76668548583984,False,True
2021-12-31,IFX.DE,39.27874374389648,True,True
2021-12-31,INTU,627.9244384765625,True,True
2021-12-31,JNJ,154.24887084960938,True,True
2021-12-31,JPM,143.26025390625,True,True
2021-12-31,KO,53.32209014892578,True,True
2021-12-31,LLY,267.07574462890625,True,True
2021-12-31,META,334.51483154296875,True,True
2021-12-31,MMM,128.5880126953125,False,False
2021-12-31,MRK,69.01954650878906,True,True
2021-12-31,MS,86.20087432861328,True,True
2021-12-31,MSFT,326.5625305175781,True,True
2021-12-31,NOVN.SW,64.87459564208984,False,False
2021-12-31,NVDA,29.35742950439453,True,True
2021-12-31,OR.PA,392.0848083496094,True,True
2021-12-31,ORCL,82.74150848388672,True,True
2021-12-31,PEP,156.24801635742188,True,True
2021-12-31,PFE,48.92638397216797,True,True
2021-12-31,PG,149.00967407226562,True,True
2021-12-31,ROG.SW,330.9024353027344,True,True
2021-12-31,SAP.DE,117.62457275390624,False,True
2021-12-31,SHL.DE,61.40737533569336,True,True
2021-12-31,SIE.DE,137.0369873046875,True,True
2021-12-31,UBSG.SW,14.475963592529297,True,True
2021-12-31,ULVR.L,3940.282470703125,False,False
2021-12-31,UNH,475.4856567382813,True,True
2021-12-31,XOM,54.0490837097168,True,True
2022-03-31,6501.T,1175.0623779296875,False,False
2022-03-31,6758.T,2495.81884765625,True,True
2022-03-31,6861.T,56358.7109375,False,False
2022-03-31,7203.T,2036.7052001953125,True,True
2022-03-31,7267.T,1032.839111328125,False,True
2022-03-31,9432.T,129.14952087402344,True,True
2022-03-31,9984.T,5449.99267578125,False,False
2022-03-31,AAPL,171.40626525878906,True,True
2022-03-31,ABBV,142.2642822265625,True,True
2022-03-31,AIR.PA,104.5377426147461,False,True
2022-03-31,ALV.DE,177.46044921875,True,True
2022-03-31,AMGN,218.09881591796875,True,True
2022-03-31,AMZN,162.99749755859375,False,False
2022-03-31,ASML.AS,587.164794921875,False,False
2022-03-31,BAC,37.819580078125,True,True
2022-03-31,BAS.DE,39.73727035522461,False,False
2022-03-31,BAYN.DE,57.20405197143555,True,True
2022-03-31,BMY,63.889404296875,True,True
2022-03-31,BP.L,374.676513671875,True,True
2022-03-31,CAT,208.4448699951172,True,True
2022-03-31,CSCO,50.11701965332031,True,True
2022-03-31,CVX,143.152099609375,True,True
2022-03-31,DBK.DE,10.318851470947266,True,True
2022-03-31,FME.DE,54.61385726928711,False,False
2022-03-31,GE,56.0840072631836,False,False
2022-03-31,GOOGL,138.2384490966797,True,True
2022-03-31,GS,303.1344299316406,False,False
2022-03-31,HSBA.L,524.3247680664062,True,True
2022-03-31,IBM,112.9859848022461,False,False
2022-03-31,IFX.DE,30.11044311523437,False,False
2022-03-31,INTU,469.9507751464844,False,False
2022-03-31,JNJ,160.8289337158203,True,True
2022-03-31,JPM,124.06883239746094,False,False
2022-03-31,KO,56.262054443359375,True,True
2022-03-31,LLY,278.0456848144531,True,True
2022-03-31,META,221.1467742919922,False,False
2022-03-31,MMM,108.81746673583984,False,False
2022-03-31,MRK,74.54890441894531,True,True
2022-03-31,MS,77.2866439819336,False,False
2022-03-31,MSFT,299.9841613769531,True,True
2022-03-31,NOVN.SW,68.5771255493164,True,False
2022-03-31,NVDA,27.240942001342773,True,True
2022-03-31,OR.PA,342.15142822265625,True,False
2022-03-31,ORCL,78.78263854980469,True,False
2022-03-31,PEP,151.54457092285156,True,True
2022-03-31,PFE,43.220611572265625,True,True
2022-03-31,PG,139.94139099121094,True,True
2022-03-31,ROG.SW,328.39520263671875,True,True
2022-03-31,SAP.DE,95.2297592163086,False,False
2022-03-31,SHL.DE,53.27802658081055,True,False
2022-03-31,SIE.DE,115.99224090576172,False,False
2022-03-31,UBSG.SW,15.996732711791992,True,True
2022-03-31,ULVR.L,3450.7548828125,False,False
2022-03-31,UNH,484.3291015625,True,True
2022-03-31,XOM,73.76041412353516,True,True
2022-06-30,6501.T,1227.096923828125,False,False
2022-06-30,6758.T,2175.263916015625,False,False
2022-06-30,6861.T,45657.9375,False,False
2022-06-30,7203.T,1924.4456787109373,True,True
2022-06-30,7267.T,975.3767700195312,True,False
2022-06-30,9432.T,141.93695068359375,True,True
2022-06-30,9984.T,5132.34619140625,False,False
2022-06-30,AAPL,134.40867614746094,False,False
2022-06-30,ABBV,135.5523223876953,True,True
2022-06-30,AIR.PA,88.82819366455078,False,False
2022-06-30,ALV.DE,157.19537353515625,True,False
2022-06-30,AMGN,221.19667053222656,True,True
2022-06-30,AMZN,106.20999908447266,False,False
2022-06-30,ASML.AS,441.8365783691406,False,False
2022-06-30,BAC,28.72645378112793,False,False
2022-06-30,BAS.DE,34.185340881347656,False,False
2022-06-30,BAYN.DE,53.96408081054688,True,True
2022-06-30,BMY,67.83042907714844,True,True
2022-06-30,BP.L,387.6434631347656,True,True
2022-06-30,CAT,168.02931213378906,True,False
2022-06-30,CSCO,38.58723449707031,False,False
2022-06-30,CVX,128.33056640625,True,True
2022-06-30,DBK.DE,7.617692947387695,False,False
2022-06-30,FME.DE,43.85810470581055,False,False
2022-06-30,GE,39.07248306274414,False,False
2022-06-30,GOOGL,108.31340789794922,False,False
2022-06-30,GS,274.4270935058594,False,False
2022-06-30,HSBA.L,534.5038452148438,True,True
2022-06-30,IBM,124.180908203125,True,True
2022-06-30,IFX.DE,22.438282012939453,False,False
2022-06-30,INTU,377.22943115234375,False,False
2022-06-30,JNJ,162.11813354492188,True,True
2022-06-30,JPM,103.24937438964844,False,False
2022-06-30,KO,57.50028991699219,True,True
2022-06-30,LLY,315.8659973144531,True,True
2022-06-30,META,160.3701934814453,False,False
2022-06-30,MMM,95.5425796508789,False,False
2022-06-30,MRK,83.5130615234375,True,True
2022-06-30,MS,67.83644104003906,False,False
2022-06-30,MSFT,250.47637939453125,False,False
2022-06-30,NOVN.SW,68.23951721191406,True,True
2022-06-30,NVDA,15.137166976928713,False,False
2022-06-30,OR.PA,314.1200866699219,False,False
2022-06-30,ORCL,66.79651641845703,False,False
2022-06-30,PEP,151.9422149658203,True,True
2022-06-30,PFE,44.12857055664063,True,True
2022-06-30,PG,132.42845153808594,False,False
2022-06-30,ROG.SW,285.4695129394531,False,False
2022-06-30,SAP.DE,83.64900970458984,False,False
2022-06-30,SHL.DE,45.93619155883789,False,False
2022-06-30,SIE.DE,89.62029266357422,False,False
2022-06-30,UBSG.SW,13.968852996826172,True,False
2022-06-30,ULVR.L,3716.79541015625,False,False
2022-06-30,UNH,489.5445861816406,True,True
2022-06-30,XOM,77.26781463623047,True,True
2022-09-30,6501.T,1178.48193359375,True,False
2022-09-30,6758.T,1827.2838134765625,False,False
2022-09-30,6861.T,47290.53515625,False,False
2022-09-30,7203.T,1741.4580078125,False,False
2022-09-30,7267.T,946.3557739257812,False,False
2022-09-30,9432.T,144.55584716796875,True,True
2022-09-30,9984.T,4825.4140625,False,False
2022-09-30,AAPL,136.0523681640625,False,False
2022-09-30,ABBV,119.89190673828124,False,False
2022-09-30,AIR.PA,85.40766906738281,False,False
2022-09-30,ALV.DE,139.6563262939453,False,False
2022-09-30,AMGN,206.50534057617188,True,False
2022-09-30,AMZN,113.0,False,False
2022-09-30,ASML.AS,421.2819519042969,False,False
2022-09-30,BAC,28.051876068115234,False,False
2022-09-30,BAS.DE,32.6005859375,False,False
2022-09-30,BAYN.DE,45.1111946105957,False,False
2022-09-30,BMY,62.62422561645508,True,True
2022-09-30,BP.L,432.4208068847656,True,True
2022-09-30,CAT,155.30477905273438,False,False
2022-09-30,CSCO,36.523956298828125,False,False
2022-09-30,CVX,128.50376892089844,True,True
2022-09-30,DBK.DE,7.002269744873047,False,False
2022-09-30,FME.DE,26.731067657470703,False,False
2022-09-30,GE,38.03956985473633,False,False
2022-09-30,GOOGL,95.07977294921876,False,False
2022-09-30,GS,272.8031921386719,False,False
2022-09-30,HSBA.L,466.4111633300781,True,False
2022-09-30,IBM,105.81361389160156,False,False
2022-09-30,IFX.DE,22.06900787353516,False,False
2022-09-30,INTU,379.6978454589844,False,False
2022-09-30,JNJ,150.1975555419922,False,False
2022-09-30,JPM,96.66104125976562,False,False
2022-09-30,KO,51.576080322265625,False,False
2022-09-30,LLY,316.0369873046875,True,True
2022-09-30,META,134.939697265625,False,False
2022-09-30,MMM,82.41867065429688,False,False
2022-09-30,MRK,79.52315521240234,True,True
2022-09-30,MS,71.13565063476562,False,False
2022-09-30,MSFT,227.6204833984375,False,False
2022-09-30,NOVN.SW,63.74929428100586,False,False
2022-09-30,NVDA,12.125117301940918,False,False
2022-09-30,OR.PA,315.0262756347656,False,False
2022-09-30,ORCL,58.64474105834961,False,False
2022-09-30,PEP,149.8427276611328,False,True
2022-09-30,PFE,37.11711502075195,False,False
2022-09-30,PG,117.02920532226562,False,False
2022-09-30,ROG.SW,289.86065673828125,False,False
2022-09-30,SAP.DE,80.945068359375,False,False
2022-09-30,SHL.DE,41.94791793823242,False,False
2022-09-30,SIE.DE,93.4140853881836,False,False
2022-09-30,UBSG.SW,13.138346672058104,False,False
2022-09-30,ULVR.L,3964.87353515625,True,True
2022-09-30,UNH,482.8678283691406,True,True
2022-09-30,XOM,79.53994750976562,True,True
2022-12-31,6501.T,1289.6993408203125,False,True
2022-12-31,6758.T,1974.6710205078125,False,False
2022-12-31,6861.T,50765.75,False,False
2022-12-31,7203.T,1682.5120849609375,False,False
2022-12-31,7267.T,914.6799926757812,False,False
2022-12-31,9432.T,139.22659301757812,True,False
2022-12-31,9984.T,5558.0888671875,False,False
2022-12-31,AAPL,128.123046875,False,False
2022-12-31,ABBV,145.83775329589844,False,False
2022-12-31,AIR.PA,106.6707000732422,False,True
2022-12-31,ALV.DE,173.40518188476562,False,False
2022-12-31,AMGN,242.2810211181641,True,True
2022-12-31,AMZN,84.0,False,False
2022-12-31,ASML.AS,490.911376953125,False,False
2022-12-31,BAC,30.944040298461918,False,False
2022-12-31,BAS.DE,38.19043731689453,False,False
2022-12-31,BAYN.DE,45.97697830200195,False,False
2022-12-31,BMY,63.86448287963867,False,False
2022-12-31,BP.L,474.2038879394531,True,True
2022-12-31,CAT,228.26519775390625,True,True
2022-12-31,CSCO,43.90409469604492,False,False
2022-12-31,CVX,161.784423828125,True,True
2022-12-31,DBK.DE,9.696578979492188,False,False
2022-12-31,FME.DE,28.149112701416016,False,False
2022-12-31,GE,51.53311538696289,False,False
2022-12-31,GOOGL,87.70401763916016,False,False
2022-12-31,GS,321.7522888183594,True,True
2022-12-31,HSBA.L,514.7191162109375,False,False
2022-12-31,IBM,126.97439575195312,False,True
2022-12-31,IFX.DE,27.627559661865234,False,False
2022-12-31,INTU,382.2814331054688,False,False
2022-12-31,JNJ,163.46505737304688,False,True
2022-12-31,JPM,125.15042114257812,False,False
2022-12-31,KO,58.979339599609375,False,True
2022-12-31,LLY,358.5635070800781,True,True
2022-12-31,META,119.68340301513672,False,False
2022-12-31,MMM,90.4920883178711,False,False
2022-12-31,MRK,103.12995910644533,True,True
2022-12-31,MS,77.28900909423828,True,False
2022-12-31,MSFT,235.04417419433597,False,False
2022-12-31,NOVN.SW,70.55215454101562,False,True
2022-12-31,NVDA,14.601021766662598,False,False
2022-12-31,OR.PA,318.22186279296875,False,False
2022-12-31,ORCL,78.8973617553711,False,False
2022-12-31,PEP,166.84706115722656,True,True
2022-12-31,PFE,43.83413314819336,False,False
2022-12-31,PG,141.48770141601562,False,True
2022-12-31,ROG.SW,260.3323974609375,False,False
2022-12-31,SAP.DE,92.75196075439452,False,False
2022-12-31,SHL.DE,44.26888275146485,False,False
2022-12-31,SIE.DE,119.66603088378906,True,True
2022-12-31,UBSG.SW,15.616251945495604,False,False
2022-12-31,ULVR.L,4178.03515625,True,True
2022-12-31,UNH,508.4666442871094,True,True
2022-12-31,XOM,101.29290008544922,True,True
2023-03-31,6501.T,1412.4365234375,True,True
2023-03-31,6758.T,2366.624267578125,True,True
2023-03-31,6861.T,63791.37109375,True,True
2023-03-31,7203.T,1778.787353515625,False,False
2023-03-31,7267.T,1077.5013427734375,True,True
2023-03-31,9432.T,148.83494567871094,True,True
2023-03-31,9984.T,5124.84521484375,False,False
2023-03-31,AAPL,162.8550262451172,True,True
2023-03-31,ABBV,145.18350219726562,True,False
2023-03-31,AIR.PA,118.45040893554688,True,True
2023-03-31,ALV.DE,183.6765594482422,True,True
2023-03-31,AMGN,224.97698974609372,True,False
2023-03-31,AMZN,103.29000091552734,False,False
2023-03-31,ASML.AS,610.5135498046875,True,True
2023-03-31,BAC,26.894306182861328,False,False
2023-03-31,BAS.DE,39.812232971191406,True,True
2023-03-31,BAYN.DE,55.86690521240234,True,True
2023-03-31,BMY,62.00786590576172,False,False
2023-03-31,BP.L,510.101806640625,True,True
2023-03-31,CAT,219.0905303955078,True,True
2023-03-31,CSCO,48.56518173217773,True,True
2023-03-31,CVX,148.3653564453125,True,False
2023-03-31,DBK.DE,8.568302154541016,True,True
2023-03-31,FME.DE,36.00360870361328,False,False
2023-03-31,GE,75.38824462890625,True,True
2023-03-31,GOOGL,103.11161041259766,False,False
2023-03-31,GS,308.7016906738281,True,True
2023-03-31,HSBA.L,548.8133544921875,True,True
2023-03-31,IBM,119.59349822998048,True,False
2023-03-31,IFX.DE,36.94404983520508,True,True
2023-03-31,INTU,438.7677001953125,True,True
2023-03-31,JNJ,144.46258544921875,False,False
2023-03-31,JPM,122.51165771484376,True,True
2023-03-31,KO,57.95551681518555,True,False
2023-03-31,LLY,337.6784362792969,False,False
2023-03-31,META,210.78363037109372,True,True
2023-03-31,MMM,80.3666000366211,False,False
2023-03-31,MRK,99.5788803100586,True,True
2023-03-31,MS,80.46000671386719,True,True
2023-03-31,MSFT,283.2664489746094,True,True
2023-03-31,NOVN.SW,73.86866760253906,True,True
2023-03-31,NVDA,27.75704574584961,True,True
2023-03-31,OR.PA,392.2923889160156,True,True
2023-03-31,ORCL,90.0248794555664,True,True
2023-03-31,PEP,169.49937438964844,True,True
2023-03-31,PFE,35.223487854003906,False,False
2023-03-31,PG,139.6794891357422,True,True
2023-03-31,ROG.SW,242.5342559814453,False,False
2023-03-31,SAP.DE,111.67955780029295,True,True
2023-03-31,SHL.DE,51.1749267578125,True,True
2023-03-31,SIE.DE,141.81008911132812,True,True
2023-03-31,UBSG.SW,17.508718490600586,True,True
2023-03-31,ULVR.L,4186.40234375,True,True
2023-03-31,UNH,454.8495788574219,False,False
2023-03-31,XOM,101.48007202148438,True,True
2023-06-30,6501.T,1732.6302490234375,True,True
2023-06-30,6758.T,2560.140625,True,True
2023-06-30,6861.T,67156.625,True,True
2023-06-30,7203.T,2184.218505859375,True,True
2023-06-30,7267.T,1332.601806640625,True,True
2023-06-30,9432.T,160.12339782714844,True,True
2023-06-30,9984.T,6698.296875,True,True
2023-06-30,AAPL,191.8294677734375,True,True
2023-06-30,ABBV,123.865966796875,False,False
2023-06-30,AIR.PA,128.9851531982422,True,True
2023-06-30,ALV.DE,194.03302001953125,True,True
2023-06-30,AMGN,208.56536865234372,False,False
2023-06-30,AMZN,130.36000061035156,True,True
2023-06-30,ASML.AS,649.3707275390625,True,True
2023-06-30,BAC,27.19422721862793,False,False
2023-06-30,BAS.DE,39.400997161865234,False,True
2023-06-30,BAYN.DE,50.22511291503906,True,True
2023-06-30,BMY,57.68349075317383,False,False
2023-06-30,BP.L,457.7734069824219,False,False
2023-06-30,CAT,236.84600830078125,True,True
2023-06-30,CSCO,48.42457580566406,True,True
2023-06-30,CVX,144.48330688476562,True,True
2023-06-30,DBK.DE,9.092166900634766,True,True
2023-06-30,FME.DE,41.35477828979492,True,True
2023-06-30,GE,86.6255111694336,True,True
2023-06-30,GOOGL,118.98638916015624,True,True
2023-06-30,GS,306.7065734863281,True,True
2023-06-30,HSBA.L,620.779052734375,True,True
2023-06-30,IBM,123.7395248413086,False,True
2023-06-30,IFX.DE,37.0469970703125,True,True
2023-06-30,INTU,451.7342529296875,True,True
2023-06-30,JNJ,155.4313507080078,False,True
2023-06-30,JPM,137.80931091308594,True,True
2023-06-30,KO,56.692909240722656,True,True
2023-06-30,LLY,462.3386840820313,True,True
2023-06-30,META,285.4141845703125,True,True
2023-06-30,MMM,77.69160461425781,False,False
2023-06-30,MRK,108.72430419921876,True,True
2023-06-30,MS,78.93843078613281,True,True
2023-06-30,MSFT,335.3258361816406,True,True
2023-06-30,NOVN.SW,79.37177276611328,True,True
2023-06-30,NVDA,42.275978088378906,True,True
2023-06-30,OR.PA,413.1445617675781,True,True
2023-06-30,ORCL,115.86265563964844,True,True
2023-06-30,PEP,173.4173583984375,True,True
2023-06-30,PFE,32.00926208496094,False,False
2023-06-30,PG,143.43710327148438,True,True
2023-06-30,ROG.SW,254.19854736328125,False,False
2023-06-30,SAP.DE,122.46969604492188,True,True
2023-06-30,SHL.DE,50.055294036865234,True,True
2023-06-30,SIE.DE,144.9263916015625,True,True
2023-06-30,UBSG.SW,16.915536880493164,True,True
2023-06-30,ULVR.L,4094.340087890625,True,True
2023-06-30,UNH,464.4963684082031,False,False
2023-06-30,XOM,100.11106872558594,True,True
2023-09-30,6501.T,1821.27587890625,True,True
2023-09-30,6758.T,2424.796630859375,True,True
2023-09-30,6861.T,55073.32421875,False,False
2023-09-30,7203.T,2561.31494140625,True,True
2023-09-30,7267.T,1575.0948486328125,True,True
2023-09-30,9432.T,168.14674377441406,True,True
2023-09-30,9984.T,6286.67431640625,True,True
2023-09-30,AAPL,169.5492706298828,True,True
2023-09-30,ABBV,138.5596923828125,False,False
2023-09-30,AIR.PA,123.7423324584961,True,True
2023-09-30,ALV.DE,205.4092559814453,True,True
2023-09-30,AMGN,254.51844787597656,False,True
2023-09-30,AMZN,127.12000274658205,True,True
2023-09-30,ASML.AS,548.8268432617188,True,True
2023-09-30,BAC,26.168790817260746,False,False
2023-09-30,BAS.DE,38.05425643920898,False,False
2023-09-30,BAYN.DE,45.05094528198242,False,False
2023-09-30,BMY,52.817718505859375,False,False
2023-09-30,BP.L,530.7932739257812,True,True
2023-09-30,CAT,264.0892333984375,True,True
2023-09-30,CSCO,50.69668960571289,True,True
2023-09-30,CVX,156.31973266601562,False,True
2023-09-30,DBK.DE,9.878679275512695,True,True
2023-09-30,FME.DE,38.58645248413086,True,True
2023-09-30,GE,87.30476379394531,True,True
2023-09-30,GOOGL,130.0798797607422,True,True
2023-09-30,GS,310.25164794921875,False,False
2023-09-30,HSBA.L,644.0255737304688,True,True
2023-09-30,IBM,131.234130859375,True,True
2023-09-30,IFX.DE,30.742586135864254,False,True
2023-09-30,INTU,504.61279296875,True,True
2023-09-30,JNJ,147.3187255859375,False,False
2023-09-30,JPM,138.3550567626953,True,True
2023-09-30,KO,53.11936569213867,False,False
2023-09-30,LLY,530.65869140625,True,True
2023-09-30,META,298.5719909667969,True,True
2023-09-30,MMM,73.75627136230469,False,False
2023-09-30,MRK,97.66422271728516,True,False
2023-09-30,MS,76.18888854980469,False,False
2023-09-30,MSFT,311.5736694335937,True,True
2023-09-30,NOVN.SW,82.78475189208984,True,True
2023-09-30,NVDA,43.47582626342773,True,True
2023-09-30,OR.PA,380.3522338867188,True,True
2023-09-30,ORCL,103.41120910644533,True,True
2023-09-30,PEP,159.75894165039062,False,False
2023-09-30,PFE,29.268707275390625,False,False
2023-09-30,PG,138.74758911132812,True,True
2023-09-30,ROG.SW,232.77523803710935,False,False
2023-09-30,SAP.DE,120.19920349121094,True,True
2023-09-30,SHL.DE,46.32961654663086,True,True
2023-09-30,SIE.DE,128.888916015625,True,True
2023-09-30,UBSG.SW,21.211027145385746,True,True
2023-09-30,ULVR.L,4059.226806640625,False,False
2023-09-30,UNH,489.1522216796875,False,False
2023-09-30,XOM,110.65316772460938,True,True
2023-12-31,6501.T,1997.021728515625,True,True
2023-12-31,6758.T,2656.57861328125,True,True
2023-12-31,6861.T,61642.43359375,False,False
2023-12-31,7203.T,2478.090087890625,True,True
2023-12-31,7267.T,1372.823486328125,True,False
2023-12-31,9432.T,164.05258178710938,True,True
2023-12-31,9984.T,6244.99462890625,True,True
2023-12-31,AAPL,190.9136657714844,False,True
2023-12-31,ABBV,145.4952850341797,True,False
2023-12-31,AIR.PA,136.21595764160156,True,True
2023-12-31,ALV.DE,220.19834899902344,True,True
2023-12-31,AMGN,274.9024963378906,True,True
2023-12-31,AMZN,151.94000244140625,True,True
2023-12-31,ASML.AS,670.89501953125,False,True
2023-12-31,BAC,32.43738555908203,True,True
2023-12-31,BAS.DE,43.2197151184082,False,True
2023-12-31,BAYN.DE,33.3347282409668,False,False
2023-12-31,BMY,47.16718673706055,False,False
2023-12-31,BP.L,465.6737976074219,False,False
2023-12-31,CAT,287.4972229003906,True,True
2023-12-31,CSCO,47.985382080078125,False,False
2023-12-31,CVX,139.72879028320312,False,False
2023-12-31,DBK.DE,11.68803882598877,True,True
2023-12-31,FME.DE,35.86537170410156,False,False
2023-12-31,GE,100.85665893554688,True,True
2023-12-31,GOOGL,138.8572235107422,True,True
2023-12-31,GS,372.9288024902344,True,True
2023-12-31,HSBA.L,634.7214965820312,True,True
2023-12-31,IBM,154.71673583984375,True,True
2023-12-31,IFX.DE,37.06170272827149,False,False
2023-12-31,INTU,618.3654174804688,True,True
2023-12-31,JNJ,149.44241333007812,False,True
2023-12-31,JPM,163.4798583984375,True,True
2023-12-31,KO,56.3638801574707,False,False
2023-12-31,LLY,576.9611206054688,True,True
2023-12-31,META,352.0287475585937,True,True
2023-12-31,MMM,87.48043823242188,True,True
2023-12-31,MRK,104.17144012451172,False,True
2023-12-31,MS,88.05487823486328,True,True
2023-12-31,MSFT,371.8193664550781,False,True
2023-12-31,NOVN.SW,78.97049713134766,True,True
2023-12-31,NVDA,49.49997329711914,True,True
2023-12-31,OR.PA,435.9250793457031,False,True
2023-12-31,ORCL,103.30947875976562,False,True
2023-12-31,PEP,161.357177734375,False,False
2023-12-31,PFE,25.74637031555176,False,False
2023-12-31,PG,140.2742462158203,False,False
2023-12-31,ROG.SW,227.24514770507807,False,False
2023-12-31,SAP.DE,136.5037078857422,True,True
2023-12-31,SHL.DE,50.76953887939453,False,False
2023-12-31,SIE.DE,161.43890380859375,True,True
2023-12-31,UBSG.SW,24.398757934570312,True,True
2023-12-31,ULVR.L,3797.768310546875,False,False
2023-12-31,UNH,512.5100708007812,True,True
2023-12-31,XOM,94.95040893554688,False,False
2024-03-31,6501.T,2755.989501953125,True,True
2024-03-31,6758.T,2578.198486328125,True,False
2024-03-31,6861.T,69285.625,True,True
2024-03-31,7203.T,3677.094970703125,True,True
2024-03-31,7267.T,1810.3511962890625,True,True
2024-03-31,9432.T,173.74383544921875,True,True
2024-03-31,9984.T,8895.4130859375,True,True
2024-03-31,AAPL,170.25735473632812,False,False
2024-03-31,ABBV,172.60006713867188,True,True
2024-03-31,AIR.PA,166.36708068847656,True,True
2024-03-31,ALV.DE,252.8253936767578,True,True
2024-03-31,AMGN,273.4924621582031,True,True
2024-03-31,AMZN,180.3800048828125,True,True
2024-03-31,ASML.AS,879.6160888671875,True,True
2024-03-31,BAC,36.78913879394531,True,True
2024-03-31,BAS.DE,46.89666748046875,True,True
2024-03-31,BAYN.DE,28.180381774902344,False,False
2024-03-31,BMY,50.429969787597656,False,False
2024-03-31,BP.L,495.2527160644531,False,True
2024-03-31,CAT,357.9520263671875,True,True
2024-03-31,CSCO,47.77486801147461,False,False
2024-03-31,CVX,149.37867736816406,False,True
2024-03-31,DBK.DE,13.784775733947754,True,True
2024-03-31,FME.DE,33.682838439941406,False,False
2024-03-31,GE,138.70851135253906,True,True
2024-03-31,GOOGL,150.03021240234375,True,True
2024-03-31,GS,406.6477355957031,True,True
2024-03-31,HSBA.L,618.4925537109375,False,False
2024-03-31,IBM,182.2932891845703,True,True
2024-03-31,IFX.DE,31.229684829711918,False,False
2024-03-31,INTU,644.0379028320312,True,True
2024-03-31,JNJ,151.97006225585938,False,False
2024-03-31,JPM,193.6915283203125,True,True
2024-03-31,KO,58.98395538330078,True,True
2024-03-31,LLY,771.3569946289062,True,True
2024-03-31,META,483.4429931640625,True,True
2024-03-31,MMM,86.28955841064453,True,True
2024-03-31,MRK,126.88140869140624,True,True
2024-03-31,MS,89.7851791381836,True,True
2024-03-31,MSFT,416.7671508789063,True,True
2024-03-31,NOVN.SW,84.35367584228516,True,True
2024-03-31,NVDA,90.3200454711914,True,True
2024-03-31,OR.PA,424.317138671875,True,True
2024-03-31,ORCL,123.56053161621094,True,True
2024-03-31,PEP,167.5377960205078,False,False
2024-03-31,PFE,25.18976402282715,False,False
2024-03-31,PG,156.2933807373047,True,True
2024-03-31,ROG.SW,222.34657287597656,False,False
2024-03-31,SAP.DE,176.6092529296875,True,True
2024-03-31,SHL.DE,54.74616622924805,True,True
2024-03-31,SIE.DE,172.914306640625,True,True
2024-03-31,UBSG.SW,25.931859970092773,True,True
2024-03-31,ULVR.L,3973.5224609375,False,False
2024-03-31,UNH,483.4810180664063,True,True
2024-03-31,XOM,111.41836547851562,False,True
2024-06-30,6501.T,3560.932373046875,True,True
2024-06-30,6758.T,2711.38232421875,True,True
2024-06-30,6861.T,70160.7734375,True,True
2024-06-30,7203.T,3184.42822265625,True,False
2024-06-30,7267.T,1644.4700927734375,True,True
2024-06-30,9432.T,146.60543823242188,False,False
2024-06-30,9984.T,10335.8701171875,True,True
2024-06-30,AAPL,209.40191650390625,True,True
2024-06-30,ABBV,164.09027099609375,True,True
2024-06-30,AIR.PA,126.38018035888672,True,False
2024-06-30,ALV.DE,248.768798828125,True,True
2024-06-30,AMGN,302.68585205078125,True,True
2024-06-30,AMZN,193.25,True,True
2024-06-30,ASML.AS,952.6002807617188,True,True
2024-06-30,BAC,38.818641662597656,True,True
2024-06-30,BAS.DE,42.89470672607422,False,True
2024-06-30,BAYN.DE,26.2537784576416,False,False
2024-06-30,BMY,39.069129943847656,False,False
2024-06-30,BP.L,474.8255004882813,False,False
2024-06-30,CAT,326.579345703125,True,True
2024-06-30,CSCO,45.84908676147461,False,False
2024-06-30,CVX,149.62442016601562,True,False
2024-06-30,DBK.DE,14.504599571228027,True,True
2024-06-30,FME.DE,34.778778076171875,False,False
2024-06-30,GE,157.68482971191406,True,True
2024-06-30,GOOGL,181.2718963623047,True,True
2024-06-30,GS,443.0271301269531,True,True
2024-06-30,HSBA.L,683.4137573242188,True,True
2024-06-30,IBM,166.7395782470703,True,True
2024-06-30,IFX.DE,33.99442672729492,False,True
2024-06-30,INTU,652.0912475585938,True,True
2024-06-30,JNJ,141.548095703125,False,False
2024-06-30,JPM,196.72776794433597,True,True
2024-06-30,KO,61.84144973754883,True,True
2024-06-30,LLY,899.2257080078125,True,True
2024-06-30,META,502.4993896484375,True,True
2024-06-30,MMM,100.11773681640624,True,True
2024-06-30,MRK,119.75665283203124,True,True
2024-06-30,MS,93.53081512451172,True,True
2024-06-30,MSFT,443.5493469238281,True,True
2024-06-30,NOVN.SW,92.84986114501952,True,True
2024-06-30,NVDA,123.50098419189452,True,True
2024-06-30,OR.PA,402.7518615722656,False,True
2024-06-30,ORCL,139.34439086914062,True,True
2024-06-30,PEP,159.1331329345703,False,False
2024-06-30,PFE,25.781574249267575,False,False
2024-06-30,PG,159.8911590576172,True,True
2024-06-30,ROG.SW,241.51271057128903,True,True
2024-06-30,SAP.DE,187.82237243652344,True,True
2024-06-30,SHL.DE,52.90989303588867,True,True
2024-06-30,SIE.DE,169.74838256835938,True,True
2024-06-30,UBSG.SW,25.43529510498047,True,True
2024-06-30,ULVR.L,4343.20947265625,True,True
2024-06-30,UNH,499.822265625,False,True
2024-06-30,XOM,111.2411117553711,True,False
2024-09-30,6501.T,3758.7470703125,True,True
2024-09-30,6758.T,2770.30810546875,True,True
2024-09-30,6861.T,68164.109375,False,True
2024-09-30,7203.T,2497.5556640625,False,False
2024-09-30,7267.T,1472.29736328125,False,False
2024-09-30,9432.T,144.25547790527344,False,False
2024-09-30,9984.T,8403.8896484375,True,True
2024-09-30,AAPL,231.920654296875,True,True
2024-09-30,ABBV,190.6612701416016,True,True
2024-09-30,AIR.PA,129.2967987060547,False,False
2024-09-30,ALV.DE,282.8007507324219,True,True
2024-09-30,AMGN,314.31427001953125,True,True
2024-09-30,AMZN,186.3300018310547,False,True
2024-09-30,ASML.AS,737.9972534179688,True,True
2024-09-30,BAC,38.98330307006836,True,True
2024-09-30,BAS.DE,45.14457702636719,False,False
2024-09-30,BAYN.DE,30.17990493774414,False,False
2024-09-30,BMY,49.41424179077149,False,True
2024-09-30,BP.L,391.4454956054688,False,False
2024-09-30,CAT,385.0251770019531,True,True
2024-09-30,CSCO,51.79948043823242,True,True
2024-09-30,CVX,142.44857788085938,True,True
2024-09-30,DBK.DE,15.078635215759276,True,True
2024-09-30,FME.DE,37.14210510253906,True,True
2024-09-30,GE,187.64959716796875,True,True
2024-09-30,GOOGL,165.26950073242188,True,True
2024-09-30,GS,487.806884765625,True,True
2024-09-30,HSBA.L,668.80224609375,True,True
2024-09-30,IBM,215.0054931640625,True,True
2024-09-30,IFX.DE,31.175182342529297,False,False
2024-09-30,INTU,617.0170288085938,False,False
2024-09-30,JNJ,158.1376190185547,False,True
2024-09-30,JPM,206.22897338867188,True,True
2024-09-30,KO,70.29681396484375,True,True
2024-09-30,LLY,881.1472778320312,True,True
2024-09-30,META,571.0308227539062,True,True
2024-09-30,MMM,134.64991760253906,True,True
2024-09-30,MRK,110.58604431152344,False,True
2024-09-30,MS,101.21772003173828,True,True
2024-09-30,MSFT,427.7956848144531,False,True
2024-09-30,NOVN.SW,93.79603576660156,True,True
2024-09-30,NVDA,121.41203308105467,True,True
2024-09-30,OR.PA,394.8942565917969,False,False
2024-09-30,ORCL,168.63543701171875,True,True
2024-09-30,PEP,165.3225555419922,False,True
2024-09-30,PFE,27.042482376098636,True,True
2024-09-30,PG,168.9285888671875,True,True
2024-09-30,ROG.SW,261.9372253417969,True,True
2024-09-30,SAP.DE,202.56907653808597,True,True
2024-09-30,SHL.DE,52.96889877319336,True,True
2024-09-30,SIE.DE,177.1941680908203,True,True
2024-09-30,UBSG.SW,25.06025505065918,True,True
2024-09-30,ULVR.L,4837.37548828125,True,True
2024-09-30,UNH,575.87939453125,True,True
2024-09-30,XOM,114.1822738647461,True,True
2024-12-31,6501.T,3913.828857421875,True,True
2024-12-31,6758.T,3360.276611328125,True,True
2024-12-31,6861.T,64444.80078125,False,False
2024-12-31,7203.T,3090.387451171875,False,False
2024-12-31,7267.T,1499.1551513671875,False,False
2024-12-31,9432.T,155.26133728027344,False,False
2024-12-31,9984.T,9159.810546875,False,True
2024-12-31,AAPL,249.5341796875,True,True
2024-12-31,ABBV,172.9342803955078,True,False
2024-12-31,AIR.PA,152.51148986816406,False,True
2024-12-31,ALV.DE,283.6635131835937,True,True
2024-12-31,AMGN,256.2862854003906,False,False
2024-12-31,AMZN,219.38999938964844,True,True
2024-12-31,ASML.AS,673.3408203125,False,False
2024-12-31,BAC,43.41851806640625,True,True
2024-12-31,BAS.DE,40.30782699584961,False,False
2024-12-31,BAYN.DE,19.221588134765625,False,False
2024-12-31,BMY,54.62224960327149,True,True
2024-12-31,BP.L,392.80859375,False,False
2024-12-31,CAT,358.3901672363281,True,False
2024-12-31,CSCO,58.06021118164063,True,True
2024-12-31,CVX,141.52725219726562,False,False
2024-12-31,DBK.DE,16.18973159790039,True,True
2024-12-31,FME.DE,42.94829559326172,True,True
2024-12-31,GE,166.2374725341797,True,True
2024-12-31,GOOGL,188.8536071777344,True,True
2024-12-31,GS,566.968505859375,True,True
2024-12-31,HSBA.L,784.9181518554688,True,True
2024-12-31,IBM,215.47471618652344,True,True
2024-12-31,IFX.DE,31.115726470947266,False,False
2024-12-31,INTU,625.5155029296875,False,False
2024-12-31,JNJ,142.25204467773438,False,False
2024-12-31,JPM,235.8820343017578,True,True
2024-12-31,KO,61.36758804321289,True,False
2024-12-31,LLY,769.0953369140625,False,False
2024-12-31,META,584.539794921875,True,True
2024-12-31,MMM,127.8302764892578,True,True
2024-12-31,MRK,97.6502456665039,False,False
2024-12-31,MS,123.04010772705078,True,True
2024-12-31,MSFT,419.88568115234375,False,True
2024-12-31,NOVN.SW,85.63775634765625,True,False
2024-12-31,NVDA,134.26832580566406,True,True
2024-12-31,OR.PA,335.7657165527344,False,False
2024-12-31,ORCL,165.2852020263672,True,True
2024-12-31,PEP,149.0914306640625,False,False
2024-12-31,PFE,25.175559997558597,False,False
2024-12-31,PG,164.47686767578125,True,True
2024-12-31,ROG.SW,247.3206329345703,True,True
2024-12-31,SAP.DE,234.183349609375,True,True
2024-12-31,SHL.DE,51.23801803588867,False,False
2024-12-31,SIE.DE,185.2653350830078,True,True
2024-12-31,UBSG.SW,26.666189193725582,True,True
2024-12-31,ULVR.L,4546.8349609375,True,True
2024-12-31,UNH,500.1567687988281,True,True
2024-12-31,XOM,105.6433563232422,False,False
2025-03-31,6501.T,3458.0,False,False
2025-03-31,6758.T,3765.0,True,True
2025-03-31,6861.T,58480.0,False,False
2025-03-31,7203.T,2616.0,True,False
2025-03-31,7267.T,1342.5,False,False
2025-03-31,9432.T,144.6999969482422,True,False
2025-03-31,9984.T,7479.0,False,False
2025-03-31,AAPL,221.58761596679688,True,False
2025-03-31,ABBV,205.82374572753903,True,True
2025-03-31,AIR.PA,160.3942413330078,True,True
2025-03-31,ALV.DE,337.5394592285156,True,True
2025-03-31,AMGN,308.8208312988281,False,True
2025-03-31,AMZN,190.25999450683597,True,False
2025-03-31,ASML.AS,602.517578125,False,False
2025-03-31,BAC,41.48552703857422,True,True
2025-03-31,BAS.DE,43.56871795654297,False,True
2025-03-31,BAYN.DE,21.964401245117188,False,False
2025-03-31,BMY,59.55061721801758,True,True
2025-03-31,BP.L,435.94573974609375,False,False
2025-03-31,CAT,327.02166748046875,False,False
2025-03-31,CSCO,60.93429946899414,True,True
2025-03-31,CVX,165.27687072753906,True,True
2025-03-31,DBK.DE,21.229564666748047,True,True
2025-03-31,FME.DE,44.3876838684082,True,True
2025-03-31,GE,199.85812377929688,True,True
2025-03-31,GOOGL,154.45301818847656,False,False
2025-03-31,GS,543.5805053710938,True,True
2025-03-31,HSBA.L,873.732177734375,True,True
2025-03-31,IBM,245.3573303222656,True,True
2025-03-31,IFX.DE,30.395000457763672,False,False
2025-03-31,INTU,612.0912475585938,False,False
2025-03-31,JNJ,164.4303436279297,True,True
2025-03-31,JPM,242.62942504882807,True,True
2025-03-31,KO,71.1143798828125,True,True
2025-03-31,LLY,824.2205200195312,False,False
2025-03-31,META,575.9168701171875,True,True
2025-03-31,MMM,146.14422607421875,True,True
2025-03-31,MRK,88.87020111083984,False,False
2025-03-31,MS,114.94279479980467,True,True
2025-03-31,MSFT,374.7021179199219,False,False
2025-03-31,NOVN.SW,97.83999633789062,False,True
2025-03-31,NVDA,108.37247467041016,False,False
2025-03-31,OR.PA,336.7479248046875,False,False
2025-03-31,ORCL,139.01417541503906,False,False
2025-03-31,PEP,148.31263732910156,False,False
2025-03-31,PFE,24.443849563598636,False,False
2025-03-31,PG,168.21392822265625,True,True
2025-03-31,ROG.SW,290.5,True,True
2025-03-31,SAP.DE,242.21078491210935,True,True
2025-03-31,SHL.DE,49.61000061035156,False,False
2025-03-31,SIE.DE,211.8999938964844,True,True
2025-03-31,UBSG.SW,25.83918190002441,True,True
2025-03-31,ULVR.L,4609.2119140625,False,True
2025-03-31,UNH,520.0582275390625,False,True
2025-03-31,XOM,117.8446273803711,False,True
2025-06-30,6501.T,4205.0,False,True
2025-06-30,6758.T,3730.0,True,True
2025-06-30,6861.T,57840.0,False,False
2025-06-30,7203.T,2493.0,False,False
2025-06-30,7267.T,1394.5,False,False
2025-06-30,9432.T,154.0,False,True
2025-06-30,9984.T,10515.0,True,True
2025-06-30,AAPL,204.9374084472656,False,False
2025-06-30,ABBV,184.030517578125,False,False
2025-06-30,AIR.PA,177.25999450683594,True,True
2025-06-30,ALV.DE,344.1000061035156,True,True
2025-06-30,AMGN,279.2099914550781,False,False
2025-06-30,AMZN,219.38999938964844,False,True
2025-06-30,ASML.AS,675.8076782226562,False,False
2025-06-30,BAC,47.31999969482422,True,True
2025-06-30,BAS.DE,41.86000061035156,False,False
2025-06-30,BAYN.DE,25.53499984741211,False,False
2025-06-30,BMY,45.687442779541016,False,False
2025-06-30,BP.L,365.6272888183594,False,False
2025-06-30,CAT,386.7930603027344,False,True
2025-06-30,CSCO,68.96527099609375,True,True
2025-06-30,CVX,143.19000244140625,True,False
2025-06-30,DBK.DE,25.170000076293945,True,True
2025-06-30,FME.DE,48.650001525878906,True,True
2025-06-30,GE,257.0146789550781,True,True
2025-06-30,GOOGL,176.22999572753906,False,True
2025-06-30,GS,707.75,True,True
2025-06-30,HSBA.L,881.7077026367188,True,True
2025-06-30,IBM,292.80035400390625,True,True
2025-06-30,IFX.DE,36.1150016784668,True,True
2025-06-30,INTU,786.5656127929688,True,True
2025-06-30,JNJ,152.75,False,False
2025-06-30,JPM,288.52001953125,True,True
2025-06-30,KO,70.75,True,False
2025-06-30,LLY,779.530029296875,False,False
2025-06-30,META,738.0900268554688,True,True
2025-06-30,MMM,152.24000549316406,True,True
2025-06-30,MRK,79.16000366210938,False,False
2025-06-30,MS,139.88815307617188,True,True
2025-06-30,MSFT,497.4100036621094,True,True
2025-06-30,NOVN.SW,96.16999816894533,True,True
2025-06-30,NVDA,157.99000549316406,True,True
2025-06-30,OR.PA,363.1000061035156,False,False
2025-06-30,ORCL,218.1664276123047,True,True
2025-06-30,PEP,132.0399932861328,False,False
2025-06-30,PFE,23.828828811645508,False,False
2025-06-30,PG,158.2378692626953,False,False
2025-06-30,ROG.SW,258.3999938964844,False,False
2025-06-30,SAP.DE,258.1499938964844,False,True
2025-06-30,SHL.DE,47.060001373291016,False,False
2025-06-30,SIE.DE,217.6499938964844,True,True
2025-06-30,UBSG.SW,26.850000381469727,True,True
2025-06-30,ULVR.L,4424.62060546875,False,False
2025-06-30,UNH,311.9700012207031,False,False
2025-06-30,XOM,107.8000030517578,False,False
2025-09-30,6501.T,4311.0,True,True
2025-09-30,6758.T,4130.0,True,True
2025-09-30,6861.T,56610.0,False,False
2025-09-30,7203.T,2875.0,False,False
2025-09-30,7267.T,1644.0,True,True
2025-09-30,9432.T,162.89999389648438,True,True
2025-09-30,9984.T,14870.0,True,True
2025-09-30,AAPL,233.3300018310547,False,False
2025-09-30,ABBV,201.47000122070312,False,True
2025-09-30,AIR.PA,179.55999755859375,True,True
2025-09-30,ALV.DE,368.7000122070313,True,True
2025-09-30,AMGN,289.3299865722656,True,True
2025-09-30,AMZN,224.55999755859372,True,True
2025-09-30,ASML.AS,640.5999755859375,True,False
2025-09-30,BAC,47.2400016784668,True,True
2025-09-30,BAS.DE,45.68999862670898,True,True
2025-09-30,BAYN.DE,26.799999237060547,True,True
2025-09-30,BMY,47.84999847412109,False,False
2025-09-30,BP.L,418.2667846679688,False,True
2025-09-30,CAT,413.7000122070313,True,True
2025-09-30,CSCO,70.4000015258789,True,True
2025-09-30,CVX,155.8699951171875,False,True
2025-09-30,DBK.DE,30.915000915527344,True,True
2025-09-30,FME.DE,42.540000915527344,False,False
2025-09-30,GE,268.8599853515625,True,True
2025-09-30,GOOGL,201.9600067138672,True,True
2025-09-30,GS,744.6900024414062,True,True
2025-09-30,HSBA.L,955.300048828125,True,True
2025-09-30,IBM,240.07000732421875,False,True
2025-09-30,IFX.DE,36.6150016784668,True,True
2025-09-30,INTU,711.7100219726562,True,True
2025-09-30,JNJ,174.4199981689453,True,True
2025-09-30,JPM,290.5299987792969,True,True
2025-09-30,KO,70.45999908447266,True,True
2025-09-30,LLY,660.489990234375,False,False
2025-09-30,META,780.0800170898438,True,True
2025-09-30,MMM,160.1999969482422,True,True
2025-09-30,MRK,82.70999908447266,False,False
2025-09-30,MS,147.75999450683594,True,True
2025-09-30,MSFT,520.5800170898438,True,True
2025-09-30,NOVN.SW,97.5199966430664,True,True
2025-09-30,NVDA,181.58999633789065,True,True
2025-09-30,OR.PA,388.1499938964844,True,True
2025-09-30,ORCL,244.17999267578125,True,True
2025-09-30,PEP,149.35000610351562,False,True
2025-09-30,PFE,25.15999984741211,False,False
2025-09-30,PG,155.41000366210938,False,False
2025-09-30,ROG.SW,249.6999969482422,False,False
2025-09-30,SAP.DE,239.0,False,False
2025-09-30,SHL.DE,46.47999954223633,False,False
2025-09-30,SIE.DE,230.25,True,True
2025-09-30,UBSG.SW,31.86000061035156,True,True
2025-09-30,ULVR.L,4569.6083984375,False,False
2025-09-30,UNH,271.8099975585937,False,False
2025-09-30,XOM,107.5999984741211,False,True
